Rank,Name,Score,UserList
1,西北赛区,bc4cf7,'0.1323,ddd2020;Diorvh;Rhodoks;
2,西北赛区,孤芳自赏,'0.165,chier;yangzhi__;XDUls;
3,京津东赛区,小聂聂最可爱,'0.198,ChenchenBUPT;a627665552;
4,上合赛区,溜了溜了,'0.2,hw31421882;
5,江山赛区,吉尼龟,'0.2073,xionglan22;
6,江山赛区,杰尼龟,'0.2107,bitmap;
7,江山赛区,电饭煲火锅战队,'0.2139,yangwuuu;
8,上合赛区,和我签订契约，成为魔法少女吧！,'0.2275,mlzeng;
9,江山赛区,电饭煲火锅太快了,'0.2305,maxPG;
10,成渝赛区,crescent_rose,'0.2404,emengdeath;FoolishMe;kp600168;
11,上合赛区,暴力出奇迹,'0.2474,sunsiyu;fstqwq;Tommyr7;
12,杭厦赛区,gtmreku,'0.2875,heyshb;
13,杭厦赛区,鸽鸽鸽,'0.2888,reku1997;hw89504302;
14,江山赛区,ykdddhhh,'0.3092,ykdddhhh;
15,上合赛区,某科学的自然选择,'0.3197,Ruby_Ocelot;
16,上合赛区,奇迹和魔法，都是存在的！,'0.3261,ldeng1997;betterxys;hejiyan;
17,京津东赛区,WavenZ,'0.3296,WavenZ;
18,江山赛区,周冬雨,'0.3334,yzcyh94tc;
19,上合赛区,hw61384662,'0.3387,hw61384662;
20,上合赛区,332,'0.3452,hw88811113;
21,江山赛区,随缘进复赛,'0.3461,sssChenHD;
22,江山赛区,华为C/C++软件大赛,'0.3462,xingmou;
23,武长赛区,打个酱油~,'0.3948,hw66940315;
24,杭厦赛区,也不是不行,'0.4153,JiayuZhou;hw69872182;
25,江山赛区,程序好慢,'0.4187,KarlFreecss;
26,成渝赛区,少年，你明白了吗？,'0.4196,stepbystep88;
27,京津东赛区,ADDAA96FD6304A9F952A4433A087610D,'0.4234,ADDAA96FD6304A9F952A4433A087610D;
28,江山赛区,淡黄长裙,'0.4249,hw22465358;
29,上合赛区,hw24418358,'0.4261,hw24418358;
30,江山赛区,2147483647,'0.4267,hw74910943;karstagger;ni_gay_lu_da_yo;
31,西北赛区,ADDAA96FD6304A9F952A4433A087610D,'0.4269,ADDAA96FD6304A9F952A4433A087610D;
32,上合赛区,烧烤摊T1,'0.4276,ronnywang;
33,成渝赛区,同志，你明白了吗？,'0.4297,test_8803_11;
34,武长赛区,ADDAA96FD6304A9F952A4433A087610D,'0.4377,ADDAA96FD6304A9F952A4433A087610D;
35,成渝赛区,max gogogo,'0.438,hw01875527;
36,江山赛区,ADDAA96FD6304A9F952A4433A087610D,'0.4406,ADDAA96FD6304A9F952A4433A087610D;
37,杭厦赛区,新的风暴已经出现,'0.4447,hw45352113;ADDAA96FD6304A9F952A4433A087610D;
38,成渝赛区,good good study,'0.4462,stepbystep_7416;
39,杭厦赛区,jaychou,'0.4493,hw40598751;
40,西北赛区,小号1,'0.4606,hw29589329;
41,粤港澳赛区,北二饭堂真好吃,'0.4617,math_is_too_difficult;
42,武长赛区,总是要取名就很难受,'0.4638,Mr_sixven;
43,西北赛区,小duuuuuuu,'0.4659,hw74040016;
44,武长赛区,wdyggg,'0.4678,hw11796938;
45,杭厦赛区,VarZzzz,'0.4688,VarZzzz;
46,上合赛区,Renatus,'0.4719,Renatus;
47,粤港澳赛区,奥特曼大战小怪兽,'0.4783,hw83101316;
48,粤港澳赛区,hw92854224,'0.4798,hw92854224;
49,武长赛区,hw59633375,'0.4825,hw59633375;
50,粤港澳赛区,yesILoveJoyce,'0.4838,yesILoveJoyce;
51,成渝赛区,IOT_TEAM,'0.492,hw31743840;
52,武长赛区,hw06564395,'0.4925,hw06564395;
53,成渝赛区,hw96234002,'0.4928,hw96234002;
54,江山赛区,得得得得得得得得得得得得,'0.496,hw79751889;yulin-liu;yunqihuang;
55,上合赛区,hw18191312,'0.498,hw18191312;
56,杭厦赛区,#507,'0.4994,xavier_cai;darkflamehxy;SleepZzz;
57,成渝赛区,青年，你明白了吗？,'0.5002,Yang_Goodman;
58,上合赛区,守望,'0.5024,IooooooI;
59,成渝赛区,新的风暴已经出现,'0.5115,hw45352113;ADDAA96FD6304A9F952A4433A087610D;hw03080935;
60,武长赛区,hanpihaha,'0.5141,hw62624892;
61,武长赛区,jimocaishuafen,'0.5166,jimocaishuafen;
62,成渝赛区,全世界最好的你,'0.5206,uestc-gzp;hw80262519;hw18249531;
63,京津东赛区,hw67314207,'0.5277,hw67314207;
64,上合赛区,静望,'0.5282,RubyHong;
65,杭厦赛区,CZ-5,'0.5306,nbgao;hw30324143;iceice1996;
66,海外赛区,hw67314207,'0.5306,hw67314207;
67,杭厦赛区,IDEA,'0.532,wpf990213;wzc3162;w24khandsome;
68,粤港澳赛区,空白永不败北,'0.5322,cxq233;
69,海外赛区,hw92854224,'0.5327,hw92854224;
70,上合赛区,小摩托,'0.5334,hw10994536;
71,武长赛区,Hewitt__,'0.5356,Hewitt__;
72,武长赛区,hw03080935,'0.5386,hw03080935;
73,武长赛区,90度茶,'0.5416,huangyj2020;
74,成渝赛区,hw23655024,'0.5436,hw23655024;
75,粤港澳赛区,hw19679566,'0.5445,hw19679566;
76,江山赛区,正在加载...,'0.5454,chinesename;
77,江山赛区,蓬松头发,'0.5473,hw19353640;
78,京津东赛区,hw03080935,'0.5502,hw03080935;
79,成渝赛区,hw04037709,'0.5507,hw04037709;
80,成渝赛区,lxl,'0.5534,hw24447531;
81,西北赛区,hw67314207,'0.5657,hw67314207;
82,武长赛区,hw44770994,'0.5678,hw44770994;
83,成渝赛区,hw67314207,'0.5694,hw67314207;
84,上合赛区,观望,'0.5731,xiaolegao;
85,武长赛区,hw67314207,'0.5731,hw67314207;
86,西北赛区,tools080小号,'0.5745,hw33516027;
87,成渝赛区,hw56470968,'0.5765,hw56470968;
88,京津东赛区,ha,'0.5769,jiangzite;ace-pegasus;Herbert_Duan;
89,江山赛区,hw67314207,'0.5839,hw67314207;
90,粤港澳赛区,hw14579791,'0.5887,hw14579791;
91,成渝赛区,hw97866806,'0.603,hw97866806;
92,武长赛区,muzishaobing,'0.603,muzishaobing;
93,江山赛区,hw96313322,'0.6034,hw96313322;
94,粤港澳赛区,菜市场,'0.6092,guyinyou;
95,成渝赛区,hw68958279,'0.6096,hw68958279;
96,西北赛区,等等我,'0.6113,smartata;
97,成渝赛区,run,'0.6147,luoxinglin;
98,西北赛区,前面大佬,'0.6154,hw67474509;
99,京津东赛区,zequnyu,'0.6155,zequnyu;
100,江山赛区,hw03080935,'0.622,hw03080935;
101,成渝赛区, VivaLaVida,'0.6231,VivaLaVida13;
102,粤港澳赛区,hw88321559,'0.6249,hw88321559;
103,江山赛区,大哥酱油,'0.6279,hw38118295;
104,上合赛区,垂死病中惊坐起，笑问客从何处来,'0.6297,hw65404743;
105,杭厦赛区,lccurious,'0.6312,lccurious;
106,成渝赛区,Pealicx,'0.6318,Pealicx;
107,杭厦赛区,小白兔奶糖,'0.6328,Martin20150405;
108,成渝赛区,voyager3,'0.6424,voyager3;
109,西北赛区,等大佬开源,'0.6527,h15129206513;
110,西北赛区,macrecry,'0.6565,macrecry;
111,杭厦赛区,fx-ren,'0.658,fx-ren;
112,成渝赛区,yifanvnir,'0.659,yifanvnir;
113,杭厦赛区,hw89591875,'0.6617,hw89591875;
114,江山赛区,hw96234002,'0.6718,hw96234002;
115,上合赛区,kde_wy,'0.6747,kde_wy;
116,西北赛区,WRJYDS999,'0.6796,WRJYDS999;
117,京津东赛区,466非线性动力学研究中心,'0.6826,xcx1040865060;
118,江山赛区,hw39338604,'0.6862,hw39338604;
119,成渝赛区,liangchen,'0.6916,liangchen;
120,江山赛区,JYP1996,'0.6939,JYP1996;
121,西北赛区,Forever_m,'0.696,Forever_m;
122,上合赛区,hw99518242,'0.697,hw99518242;
123,成渝赛区,uestcer,'0.6973,uestcer;
124,粤港澳赛区,JiaquanYan,'0.7096,JiaquanYan;
125,成渝赛区,Yumisweet,'0.7127,Yumisweet;
126,杭厦赛区,hw01072116,'0.7156,hw01072116;
127,江山赛区,额上有疤的男人~个个都是传奇！,'0.7217,b2997215859;
128,西北赛区,WWC,'0.7221,hw86049023;
129,成渝赛区,hw00558584,'0.7227,hw00558584;
130,上合赛区,hw67314207,'0.7251,hw67314207;
131,西北赛区,云玩家,'0.7261,zachary_yin;JW0506101;hw02210209;
132,江山赛区,剑指的方向~就是天才的故乡！,'0.7321,hw34746805;
133,江山赛区,hw84711746,'0.7334,hw84711746;
134,上合赛区,只有魔法才能打败魔法,'0.7366,logicsama;
135,成渝赛区,hw88134288,'0.7374,hw88134288;
136,杭厦赛区,mmAp,'0.7407,Zzzzz2z;
137,成渝赛区,VergilAlan,'0.7432,VergilAlan;
138,武长赛区,fang,'0.7435,hw18390437;
139,成渝赛区,hw25669371,'0.7468,hw25669371;
140,上合赛区,Hanmt_,'0.7489,Hanmt_;
141,江山赛区,hw34480857,'0.7492,hw34480857;
142,杭厦赛区,咏春 叶问,'0.7503,hw48447784;
143,杭厦赛区,DoubleNoob,'0.7575,illusivemanlyz;Newbie_;hw24430548;
144,武长赛区,hw47392017,'0.7602,hw47392017;
145,杭厦赛区,Amazons,'0.7609,mugaoyuan;
146,江山赛区,憨憨敬礼,'0.7628,hw23514915;
147,上合赛区,黑的北极熊,'0.7636,hw04511325;hw58689432;n0stalg1c;
148,西北赛区,JARen_xidian,'0.7647,JARen_xidian;
149,西北赛区,hw05073505,'0.7664,hw05073505;
150,西北赛区,所以暂时将你眼睛闭了起来,'0.7666,BackToLife;
151,京津东赛区,hw4661,'0.7686,hw55736041;
152,粤港澳赛区,hw47392017,'0.7699,hw47392017;
153,成渝赛区,hw47392017,'0.7704,hw47392017;
154,上合赛区,LIUQQQQQ,'0.7707,LIUQQQQQ;
155,成渝赛区,不出门少聚餐,'0.7731,hwYWYW;
156,成渝赛区,zhh还是没有女朋友,'0.7744,zhhnogirlfriend;
157,江山赛区,三分香七分爽,'0.7777,hw50765329;hw28633557;hw32854693;
158,上合赛区,新的风暴已经出现,'0.7786,hw45352113;hw03080935;
159,杭厦赛区,蛋黄的长裙唐僧的头发,'0.7791,jinmingyi;hw14749917;
160,上合赛区,hw65668397,'0.7838,hw65668397;
161,西北赛区,hw47392017,'0.7853,hw47392017;
162,京津东赛区,hw4662,'0.787,moumuyun;
163,上合赛区,我想静静,'0.787,yizhe;
164,成渝赛区,戴口罩勤洗手,'0.7924,hwAirPlane;
165,成渝赛区,bwsj,'0.796,hw18577536;
166,京津东赛区,提交试一下,'0.803,kangkang365;
167,上合赛区,xkyeys,'0.803,xkyeys;
168,江山赛区,hw55210391,'0.8058,hw55210391;
169,成渝赛区,hw85598951,'0.8091,hw85598951;
170,杭厦赛区,12345,'0.8121,hw33997047;hw20650480;hw74755412;
171,京津东赛区,hw47392017,'0.8129,hw47392017;
172,成渝赛区,yang_j,'0.8153,yang_j;
173,武长赛区,hw14571351,'0.8202,hw14571351;
174,上合赛区,小火车,'0.8241,hw83632418;
175,江山赛区,所有的星星眼~都在等着一颗星！,'0.8255,hw35722498;
176,成渝赛区,hw89416826,'0.8335,hw89416826;
177,西北赛区,hw58241489,'0.838,hw58241489;
178,京津东赛区,小问号,'0.8385,hw-hellokunpeng;
179,上合赛区,听说id管成绩,'0.84,wuzhoupei;
180,西北赛区,hahawang,'0.8407,hw92500782;
181,武长赛区,聪聪忙忙,'0.8418,hw29198386;
182,成渝赛区,不出门勤消毒,'0.8422,Sw_9661;
183,成渝赛区,Exusiai,'0.8425,Exusiai;
184,西北赛区,ggboy,'0.8435,travisgogogo;
185,上合赛区,forewww,'0.8443,travisgogogo;
186,武长赛区,sadasda,'0.8443,travisgogogo;
187,杭厦赛区,求小姐姐带我,'0.8447,hw_sdlzx;
188,京津东赛区,小问号的朋友,'0.8475,nCoCn;
189,江山赛区,hw77333090,'0.849,hw77333090;
190,江山赛区,hw13091016,'0.8493,hw13091016;
191,成渝赛区,hhhhh,'0.8497,travisgogogo;
192,粤港澳赛区,666233,'0.8512,hw84598881;
193,京津东赛区,nothing,'0.8545,travisgogogo;
194,西北赛区,对不队,'0.8605,tools080;
195,粤港澳赛区,chuize,'0.8605,chuize;
196,粤港澳赛区,黄大佬与严小弟,'0.8652,hw56957646;hw84806958;
197,成渝赛区,hw45116091,'0.8665,hw45116091;
198,成渝赛区,hw80470662,'0.8667,hw80470662;
199,西北赛区,别打了，头都歪了,'0.8732,mosfet69;
200,武长赛区,jimocaixuexi,'0.8736,jimocaixuexi;
201,武长赛区,css,'0.875,caoshang311;
202,成渝赛区,LittleFisher,'0.8791,LittleFisher;
203,西北赛区,hw03080935,'0.8821,hw03080935;
204,武长赛区,suiyuanquming,'0.8822,suiyuanquming;
205,武长赛区,零陵上将邢道荣,'0.8857,hnu_zsdd;hnzsdd;hw31629313;
206,江山赛区,Eason6688,'0.8894,Eason6688;
207,武长赛区,fighters,'0.8894,hw00548129;
208,上合赛区,好想去冰岛看极光啊,'0.8908,keyanjie0817;
209,上合赛区,hw87390075,'0.8939,hw87390075;
210,成渝赛区,zararo2,'0.8963,hw00952264;
211,成渝赛区,zararo,'0.8984,zararo;
212,杭厦赛区,杰出不凡之猪,'0.8997,zshwyj;hw93604195;wyj0601;
213,上合赛区,hw47392017,'0.9009,hw47392017;
214,杭厦赛区,hw95860991,'0.9019,hw95860991;
215,江山赛区,hw47392017,'0.9036,hw47392017;
216,西北赛区,骑龙巷右护法,'0.9085,hw44770994;
217,京津东赛区,hw38572842,'0.9105,hw38572842;
218,江山赛区,今晚打老虎,'0.9131,GaoQi666;qutianyuai;
219,成渝赛区,hw44770994,'0.9145,hw44770994;
220,上合赛区,ADDAA96FD6304A9F952A4433A087610D,'0.9156,ADDAA96FD6304A9F952A4433A087610D;
221,西北赛区,hw61286547,'0.9208,hw61286547;
222,成渝赛区,max火力全开,'0.922,hw09026011;
223,上合赛区,七个小矮人,'0.9233,hw44770994;
224,上合赛区,zy87896052,'0.9293,zy87896052;
225,江山赛区,hw44770994,'0.9308,hw44770994;
226,西北赛区,ydobi_,'0.9387,ydobi_;
227,成渝赛区,ssz1995,'0.9399,ssz1995;
228,西北赛区,hw73788528,'0.9417,hw73788528;
229,江山赛区,菜鸟联盟,'0.9449,baozouxiaoyao;
230,武长赛区,442,'0.9469,hw63594550;
231,杭厦赛区,abc_dy,'0.9478,abc_dy;
232,杭厦赛区,gregoryfh,'0.9485,gregoryfh;
233,上合赛区,no_bug,less_time,'0.9498,Nora_Wu;
234,成渝赛区,hw21787270,'0.9543,hw21787270;
235,武长赛区,hw48023222,'0.9664,hw48023222;
236,杭厦赛区,hw44770994,'0.9679,hw44770994;
237,杭厦赛区,F**k,'0.9713,hw15539291;
238,京津东赛区,传说中的傲气仔,'0.974,hw44770994;
239,上合赛区,lcc12345,'0.978,lcc12345;
240,上合赛区,FantDing,'0.9811,FantDing;
241,上合赛区,小金鱼,'0.9892,hw26167070;
242,西北赛区,hw34003729,'0.9899,hw34003729;
243,武长赛区,五五开没有开挂,'0.9946,NoRunGoFat;
244,武长赛区,WaminLee,'1.0048,WaminLee;
245,西北赛区,ZVPmaster,'1.0085,ZVPmaster;
246,杭厦赛区,金陵雪暖,'1.0093,babychen;
247,武长赛区,Janchylz,'1.0127,Janchylz;
248,江山赛区,hw00771387,'1.0129,hw00771387;
249,武长赛区,十七张牌你能秒我？,'1.0261,hw00764049;
250,成渝赛区,bird-610098971,'1.0262,bird-610098971;
251,上合赛区,我不会C++,'1.0265,q458744230;
252,上合赛区,MDS110,'1.0284,MDS110;
253,武长赛区,伞兵一号准备就绪,'1.0313,Zjxuuu;
254,京津东赛区,hw34590657,'1.0326,hw34590657;
255,武长赛区,hw63722084,'1.0359,hw63722084;
256,西北赛区,StarFading,'1.0414,StarFading;
257,上合赛区,因为太怕魔法少女就全点了魔抗,'1.0517,hw09561702;
258,粤港澳赛区,kim_tim,'1.0525,kim_tim;
259,杭厦赛区,zjy1996,'1.0531,zjy1996;
260,成渝赛区,醉菜,'1.0664,hw90033937;
261,京津东赛区,XLY,'1.0666,hw36276009;
262,成渝赛区,hw02411102,'1.0688,hw02411102;
263,上合赛区,fly,'1.0705,hw31498329;
264,杭厦赛区,dddbbbpppqqq,'1.0784,adapdsb;
265,西北赛区,zhang_sai_zs,'1.0784,zhang_sai_zs;
266,上合赛区,mysakure,'1.0808,mysakure;
267,海外赛区,mysakure,'1.0844,mysakure;
268,武长赛区,难搞,'1.0859,DaLiChuQiJi;
269,上合赛区,hzatt0429,'1.0868,hzatt0429;
270,武长赛区,且随疾风前行,'1.0917,creator7;
271,上合赛区,阴天傍晚车窗外,'1.0966,hw96074512;
272,武长赛区,mysakure,'1.0986,mysakure;
273,上合赛区,燕青小乙,'1.099,hw94240244;
274,上合赛区,hw76138140,'1.1097,hw76138140;
275,江山赛区,hw68154727,'1.1113,hw68154727;
276,杭厦赛区,哎哎哎哎,'1.1149,hw51590570;
277,武长赛区,hw61107423,'1.1282,hw61107423;
278,西北赛区,hw55875021,'1.1286,hw55875021;
279,上合赛区,科技没有未来，魔法才是王道,'1.1327,jftong;
280,江山赛区,xxx,'1.1338,sxsunxun;Murphy0130;
281,杭厦赛区,ROCKET,'1.154,hw44783583;
282,武长赛区,hw44783583,'1.1582,hw44783583;
283,京津东赛区,娃哈哈,'1.1649,hw44783583;
284,上合赛区,奇迹和膜法，都是需要版号的,'1.1657,Amagi_Yukisaki;crazy_cloud;hw26193180;
285,成渝赛区,守护最好的鲲鹏,'1.1688,lalalahhhh;
286,成渝赛区,守护最好的鹏鹏,'1.1701,hw51804065;
287,成渝赛区,守护最好的鲲鲲,'1.172,why___;
288,西北赛区,kunpengNB,'1.1722,kunpengNB;
289,上合赛区,良伟红色裤衩粉丝团,'1.1736,hw22316707;
290,西北赛区,喜欢我一定很辛苦，其实我全都清楚,'1.1771,August__;
291,西北赛区,还是很想被你保护我心里的惨痛,'1.1849,wyf0618;
292,杭厦赛区,hw44205069,'1.1855,hw44205069;
293,西北赛区,就当是一场梦，醒了很久还是很感动,'1.1883,wolfkin;
294,江山赛区,凡凡别打小宇了，别打了别打了,'1.192,hw56683763;
295,杭厦赛区,hw23678343,'1.1958,hw23678343;
296,江山赛区,hw74413797,'1.1982,hw74413797;
297,江山赛区,407,'1.2032,ssnower;
298,京津东赛区,bug水逆退散,'1.207,touchdreamer;hw42312998;wuwenying;
299,江山赛区,汪汪没想到,'1.2372,hw66991978;hw03309211;
300,上合赛区,hbfczp,'1.2376,hbfczp;
301,上合赛区,Sorry_feynman1999,'1.2426,Sorry_feynman1999;
302,上合赛区,笨比东西,'1.2559,sanbingyihaolubenwei;
303,杭厦赛区,mysakure,'1.2642,mysakure;
304,杭厦赛区,Jake5626,'1.2694,Jake5626;
305,成渝赛区,hw75155102,'1.2704,hw75155102;
306,京津东赛区,8-0的疾风剑豪,'1.2714,DMU20200305;
307,江山赛区,boovn,'1.2721,baobaovn;
308,上合赛区,pigpig,'1.2798,hw44783583;
309,杭厦赛区,Allen-hong,'1.2852,Allen-hong;
310,江山赛区,MirageLyu,'1.2859,MirageLyu;
311,杭厦赛区,water0627,'1.2862,water0627;
312,成渝赛区,hw42260600,'1.289,hw42260600;
313,成渝赛区,test_8803_2,'1.2969,test_8803_2;
314,成渝赛区,mysakure,'1.2979,mysakure;
315,成渝赛区,hw12676125,'1.2988,hw12676125;
316,京津东赛区,YB_YB,'1.3,YB_YB_;
317,江山赛区,hw96897549,'1.3,hw96897549;
318,江山赛区,haoduodalao,'1.3031,dayu2020;
319,江山赛区,hw45181631,'1.3032,hw45181631;
320,武长赛区,daimaohui,'1.3038,daimaohui;
321,上合赛区,1V3,'1.3061,wjinyan;
322,成渝赛区,hw41347685,'1.3299,hw41347685;
323,西北赛区,hw12676125,'1.3325,hw12676125;
324,杭厦赛区,hw12676125,'1.3343,hw12676125;
325,上合赛区,hw46984847,'1.3399,hw46984847;
326,成渝赛区,hw45188251,'1.3401,hw45188251;
327,京津东赛区,flagOY,'1.3432,hw86230075;
328,成渝赛区,hw_2012,'1.3516,hw_2012;
329,江山赛区,rookielxy,'1.3588,rookielxy;
330,上合赛区,曾阿牛,'1.3591,geroci;
331,粤港澳赛区,求求你们别调了,'1.3624,hw36079809;hw23948177;
332,京津东赛区,flagOY2,'1.3638,mayeye;
333,江山赛区,Muse0327,'1.3697,Muse0327;
334,成渝赛区,hw28604196,'1.3725,hw28604196;
335,杭厦赛区,hw35901409,'1.3883,hw35901409;
336,江山赛区,1024,'1.3912,hw69917130;
337,杭厦赛区,lqsute,'1.3915,lqsute;
338,成渝赛区,hw74139579,'1.3919,hw74139579;
339,西北赛区,7777777,'1.3924,beidongxing;
340,杭厦赛区,417417417,'1.3925,hdu0101;
341,杭厦赛区,coymail,'1.3937,coymail;
342,京津东赛区,hw12676125,'1.3946,hw12676125;
343,西北赛区,hw50854509,'1.3958,hw50854509;
344,成渝赛区,hw90785588,'1.4031,hw90785588;
345,杭厦赛区,HDU穷哥们,'1.4061,lilaobass;
346,成渝赛区,Mxy_lulu,'1.4081,hw45606062;
347,江山赛区,平平无奇的main.cpp,'1.4084,Gyy0406;hw00281018;
348,江山赛区,万物皆虚,'1.4097,Gaoyangtian;
349,江山赛区,hw28162455,'1.4098,hw28162455;
350,成渝赛区,hw28162455,'1.4108,hw28162455;
351,江山赛区,magicbearzhy,'1.4119,magicbearzhy;
352,成渝赛区,Mxylulu,'1.4135,hw44393473;
353,武长赛区,hw08463549,'1.4145,hw08463549;
354,杭厦赛区,太难了,'1.418,hw46699948;
355,成渝赛区,lololo,'1.419,yyxxxxxxxx;
356,杭厦赛区,HDU精神小伙,'1.4195,hw49566411;
357,成渝赛区,龙卷风筝,'1.427,hw83457767;
358,杭厦赛区,hw98474289,'1.4272,hw98474289;
359,杭厦赛区,hw6256,'1.4321,hw6256;
360,杭厦赛区,lastxuanshen,'1.4336,lastxuanshen;
361,杭厦赛区,hw73788528,'1.438,hw73788528;
362,上合赛区,hw05265794,'1.4398,hw05265794;
363,西北赛区,hw95973867,'1.4424,hw95973867;
364,成渝赛区,青花瓷砖,'1.4483,aptx_4869;
365,京津东赛区,零杠八的放逐之刃,'1.4511,lcy796796;
366,杭厦赛区,hw95853955,'1.4524,hw95853955;
367,西北赛区,hw80967104,'1.4539,hw80967104;
368,上合赛区,工中三兄弟,'1.4546,josephxue0727;
369,上合赛区,hw74125675,'1.4558,hw74125675;
370,成渝赛区,hw55620042,'1.4609,hw55620042;
371,上合赛区,hw24589003,'1.4623,hw24589003;
372,上合赛区,hw55971556,'1.463,hw55971556;
373,杭厦赛区,hw55610072,'1.463,hw55610072;
374,上合赛区,wh3333,'1.464,wh3333;
375,杭厦赛区,HDXXX,'1.4692,hw54417987;
376,杭厦赛区,hw78385011,'1.4693,hw78385011;
377,江山赛区,zcdadaf,'1.4711,hw11217322;
378,上合赛区,aacccccc,'1.4738,aacccccc;
379,上合赛区,northk,'1.4759,northk;
380,上合赛区,hw28604196,'1.4769,hw28604196;
381,杭厦赛区,hw74356552,'1.4785,hw74356552;
382,成渝赛区,Tinysand2,'1.4786,Tinysand2;
383,江山赛区,Nanoda,'1.4933,Nanoda;
384,京津东赛区,hw65609504,'1.4935,hw65609504;
385,粤港澳赛区,上山打老虎,'1.4937,Wenxin_;
386,杭厦赛区,试一下水,'1.4993,hw06757250;
387,西北赛区,hw88683285,'1.4998,hw88683285;
388,成渝赛区,hw92174504,'1.5052,hw92174504;
389,武长赛区,星辰,'1.5053,hw72363896;
390,粤港澳赛区,hw59925332,'1.511,hw59925332;
391,上合赛区,hw39383290,'1.5166,hw39383290;
392,杭厦赛区,996战狼与香辛料,'1.5174,Trote_w;
393,杭厦赛区,hw14939025,'1.5187,hw14939025;
394,杭厦赛区,hw31413021,'1.5284,hw31413021;
395,京津东赛区,mysakure,'1.5293,mysakure;
396,成渝赛区,hw69201765,'1.5382,hw69201765;
397,江山赛区,hw42260600,'1.5391,hw42260600;
398,江山赛区,hw88683285,'1.5397,hw88683285;
399,京津东赛区,wrndd111,'1.5456,wrndd111;
400,西北赛区,nia1026,'1.549,nia1026;
401,江山赛区,hw45901637,'1.5498,hw45901637;
402,京津东赛区,_YB8Bo_,'1.552,hw04800961;
403,成渝赛区,lnjjjj,'1.5525,lnjjjj;
404,江山赛区,祖传铁匠铺,'1.5551,hw61240382;hw66151603;hw80475170;
405,海外赛区,nia1026,'1.5557,nia1026;
406,杭厦赛区,补补,'1.5631,hw98324899;
407,上合赛区,hw26922083,'1.5672,hw26922083;
408,上合赛区,ywqqqwy,'1.5691,ywqqqwy;
409,成渝赛区,Verilog天下第一,'1.5711,hw44905910;
410,京津东赛区,那我该咋办呀,'1.5717,hitxqy;hw65676934;hw09137268;
411,杭厦赛区,hw68701376,'1.5741,hw68701376;
412,武长赛区,233333,'1.5743,nia1026;
413,京津东赛区,hw68456582,'1.5744,hw68456582;
414,京津东赛区,hw60259697,'1.5757,hw60259697;
415,京津东赛区,hw56832007,'1.5816,hw56832007;
416,杭厦赛区,hw12158889,'1.5855,hw12158889;
417,江山赛区,hw64953450,'1.5856,hw64953450;
418,京津东赛区,nia1026,'1.5956,nia1026;
419,粤港澳赛区,hw00512656,'1.5994,hw00512656;
420,武长赛区,逐鹿中原,'1.6051,husthuangkai;earthwjl;hw40522456;
421,上合赛区,hw00512656,'1.6085,hw00512656;
422,上合赛区,sb瑞,'1.609,hw36690691;
423,上合赛区,古娜拉黑暗之神,'1.6176,hw03080359;
424,杭厦赛区,Oliver0047,'1.6206,Oliver0047;
425,京津东赛区,HITCRT,'1.623,hw00113259;
426,上合赛区,魔法少女,'1.6232,hw08409687;
427,江山赛区,求求你快点吧,'1.6234,sheep1411;
428,上合赛区,巴啦啦黑魔仙,'1.6315,hw19113864;
429,江山赛区,三三得九,'1.6565,Pyke95;hy1013;hw78040398;
430,成渝赛区,prs_nb,'1.6622,prs_nb;
431,西北赛区,hw14159305,'1.6622,hw14159305;
432,成渝赛区,hf_CTNB,'1.6642,hf_CTNB;
433,粤港澳赛区,nia1026,'1.6659,nia1026;
434,西北赛区,limzero,'1.668,limzero;
435,成渝赛区,梁大爷粉丝团,'1.6711,forgottencsc;
436,江山赛区,hw01172954,'1.6931,hw01172954;
437,成渝赛区,shang949260,'1.7009,shang949260;
438,杭厦赛区,hw50188465,'1.7016,hw50188465;
439,武长赛区,淡黄的长裙,'1.7042,hw92854224;
440,上合赛区,random_circle,'1.7192,feynman1999;hw08012634;
441,江山赛区,hw62116846,'1.7201,hw62116846;
442,京津东赛区,挤牙膏,'1.7206,cynthiafu;
443,西北赛区,Smart_East,'1.7265,Smart_East;
444,成渝赛区,hw30554401,'1.7268,hw30554401;
445,杭厦赛区,hw32563906,'1.7273,hw32563906;
446,江山赛区,hw73747696,'1.7283,hw73747696;
447,成渝赛区,xiaoerer,'1.7283,xiaoerer;
448,杭厦赛区,tttttt,'1.7307,hw44342721;
449,杭厦赛区,hw62116846,'1.7326,hw62116846;
450,粤港澳赛区,hw44472366,'1.7338,hw44472366;
451,西北赛区,hw69703346,'1.7399,hw69703346;
452,江山赛区,青大附小,'1.7415,linzihao1999;
453,上合赛区,hw28062697,'1.7448,hw28062697;
454,武长赛区,lorence,'1.7457,lorence;
455,上合赛区,早晨从中午开始,'1.7459,w86065256;
456,杭厦赛区,想当守门员,'1.7477,hw76466148;
457,成渝赛区,cdeb,'1.7477,zl_Cheng;
458,杭厦赛区,我想静静,'1.7649,ydar95;hw16438216;
459,粤港澳赛区,景,'1.7654,hw65543061;hw27018743;
460,成渝赛区,try_everything,'1.7684,try_everything;
461,京津东赛区,那我能咋办呀？,'1.7727,nie_981239736;
462,杭厦赛区,laoban_qiudai,'1.7747,laoban_qiudai;
463,杭厦赛区,没有了，没有奇迹了,'1.7764,hw07400519;
464,西北赛区,040450450,'1.7835,hw71263757;
465,江山赛区,酱油,'1.7837,hw27225462;
466,西北赛区,yrr123456,'1.7855,yrr123456;
467,江山赛区,hw03308443,'1.786,hw03308443;
468,成渝赛区,hahaha,'1.7882,hw79243283;
469,西北赛区,WW,'1.7921,y_zhwei;
470,成渝赛区,a15213038716,'1.7972,a15213038716;
471,上合赛区,随便写个名字,'1.8035,hw02918186;
472,成渝赛区,任我行,'1.8049,hw35780076;liaoscdy;saki7180;
473,杭厦赛区,hdu123456789,'1.8065,hdu123456789;
474,江山赛区,hw68932494,'1.8067,hw68932494;
475,成渝赛区,hw55191524,'1.8079,hw55191524;
476,京津东赛区,那我能咋办呀,'1.8165,wc0000;
477,西北赛区,XDU-抗疫小分队,'1.8233,no_O_ne;hdongdong123;RalphHan;
478,海外赛区,hw47609169,'1.8295,hw47609169;
479,杭厦赛区,palindrome,'1.8318,hw38492405;zeal227;hw94802217;
480,粤港澳赛区,ADDAA96FD6304A9F952A4433A087610D,'1.8351,ADDAA96FD6304A9F952A4433A087610D;
481,成渝赛区,我也是小号,'1.8437,hw43041449;
482,西北赛区,hw58696994,'1.8472,hw58696994;
483,武长赛区,hw42260600,'1.8581,hw42260600;
484,杭厦赛区,VicVan,'1.8601,VicVan;
485,上合赛区,pushan,'1.8643,pushan;
486,西北赛区,hw42260600,'1.8673,hw42260600;
487,西北赛区,hw05329408,'1.8696,hw05329408;
488,粤港澳赛区,hw42260600,'1.8715,hw42260600;
489,成渝赛区,hw37434992,'1.8734,hw37434992;
490,杭厦赛区,团队名称,'1.8746,SidneySun;
491,西北赛区,快快快,'1.8813,hw73712600;wangchunliang;hw50740265;
492,杭厦赛区,hw96234002,'1.8836,hw96234002;
493,武长赛区,hw24079105,'1.8847,hw24079105;
494,粤港澳赛区,little-handsome,'1.8853,Buerzhu;
495,成渝赛区,hw39220229,'1.8925,hw39220229;
496,成渝赛区,lalala,'1.8932,hw76046311;
497,西北赛区,LLLMMMQQQ,'1.8945,lmq_Dawn;
498,杭厦赛区,我尽力,'1.8959,hw42052677;
499,江山赛区,酸菜鱼,'1.9,hw03105097;
500,上合赛区,wh2222,'1.9031,wh2222;
501,江山赛区,yzlzjfc,'1.9088,yzlzjfc;
502,江山赛区,我我我我我回来了,'1.909,cfireworks;
503,江山赛区,ytzhang01,'1.9134,ytzhang01;
504,成渝赛区,zjky,'1.9145,ysh1995;
505,杭厦赛区,hw57308748,'1.9172,hw57308748;
506,江山赛区,hw42602374,'1.9197,hw42602374;
507,武长赛区,zhaxzhax,'1.924,zhaxzhax;yinxiaodan96;
508,成渝赛区,你一定要喊吗？？？,'1.9351,hw22893144;hw15025381;hw24738757;
509,杭厦赛区,hw75507949,'1.9372,hw75507949;
510,江山赛区,hw90998086,'1.9402,hw90998086;
511,京津东赛区,hw19994293,'1.9509,hw19994293;
512,杭厦赛区,灶门炭治郎,'1.9511,zjsywc;
513,上合赛区,匿名,'1.9572,zhangtanglei1994;
514,杭厦赛区,9988,'1.958,hw26738956;
515,杭厦赛区,快乐风男与石头人,'1.9594,boluofish;wen2022;hw17862493;
516,粤港澳赛区,hw32563906,'1.9638,hw32563906;
517,杭厦赛区,lonelyming,'1.9653,lonelyming;
518,西北赛区,hw57490158,'1.9667,hw57490158;
519,杭厦赛区,gyzhty,'1.9709,DeaphetS;Zarxdy34;hw69031747;
520,京津东赛区,hw42260600,'1.9758,hw42260600;
521,京津东赛区,kiddermg,'1.9767,kiddermg;
522,成渝赛区,hw39270116,'1.9846,hw39270116;
523,成渝赛区,hw32563906,'1.9861,hw32563906;
524,上合赛区,hw39237971,'1.9891,hw39237971;
525,上合赛区,kdelab18,'1.9893,hongxin8;
526,西北赛区,hw74964514,'1.9958,hw74964514;
527,杭厦赛区,hw18972368,'1.9964,hw18972368;
528,西北赛区,xjtu_dw,'2.0137,xjtu_dw;
529,西北赛区,hw96424674,'2.0213,hw96424674;
530,成渝赛区,ONE PIECE,'2.0297,hw71505835;
531,武长赛区,温柔一刀,'2.0297,dudududududu;
532,江山赛区,hw15574686,'2.0326,hw15574686;
533,上合赛区,Yao_725,'2.0386,Yao_725;
534,江山赛区,hw33999253,'2.0471,hw33999253;
535,武长赛区,Chadriy,'2.0545,Chadriy;
536,江山赛区,bohaixileiyin,'2.0568,bohaixileiyin;
537,成渝赛区,yczlab,'2.0578,yczlab;
538,成渝赛区,hw69549065,'2.0629,hw69549065;
539,上合赛区,nia1026,'2.0717,nia1026;
540,西北赛区,Chadriy,'2.0805,Chadriy;
541,武长赛区,玩胖次,'2.0886,zz2008qw;
542,成渝赛区,RightHere,'2.0962,RightHere;
543,江山赛区,nia1026,'2.0972,nia1026;
544,杭厦赛区,nia1026,'2.1008,nia1026;
545,上合赛区,guofyun,'2.1044,guofyun;
546,成渝赛区,hw02704371,'2.1094,hw02704371;
547,武长赛区,F**K_COVID19,'2.1149,Scottar;hw52729650;JaY_LYH;
548,武长赛区,zcBelieve,'2.1155,zcBelieve;
549,成渝赛区,我是真的菜,'2.1163,hw06305240;
550,杭厦赛区,不知道叫啥,'2.1232,YoungDk;
551,西北赛区,hw78220677,'2.1306,hw78220677;
552,成渝赛区,nia1026,'2.1342,nia1026;
553,西北赛区,Vampire_R,'2.147,Vampire_R;
554,杭厦赛区,爬爬爬,'2.1487,hw43856659;hehexixi;
555,上合赛区,奇迹再现,'2.1515,hw36276357;
556,西北赛区,Vampire_P,'2.1544,Vampire_P;
557,江山赛区,hw68792974,'2.1662,hw68792974;
558,成渝赛区,hw13972752,'2.1679,hw13972752;
559,成渝赛区,hw51853612,'2.1732,hw51853612;
560,粤港澳赛区,a little handsome,'2.177,hw86303201;
561,武长赛区,磊子的小弟们,'2.1773,hw08583848;
562,江山赛区,miziha,'2.179,miziha;
563,上合赛区,hw61643045,'2.1845,hw61643045;
564,成渝赛区,give up,'2.1886,Jchen_96;
565,杭厦赛区,来啦,'2.1895,hw63529658;
566,武长赛区,hw17332251,'2.1965,hw17332251;
567,上合赛区,hw22607732,'2.2029,hw22607732;
568,杭厦赛区,大坏蛋,'2.204,xi_gua;
569,京津东赛区,11111,'2.2096,JackDowson;
570,京津东赛区,Firework,'2.2113,hw29932924;
571,上合赛区,我就要用Python！,'2.2124,BigGrayWolf;
572,成渝赛区,hw93697051,'2.2136,hw93697051;
573,上合赛区,michaelquick,'2.2198,michaelquick;
574,上合赛区,hw36652171,'2.2209,hw36652171;
575,武长赛区,HHHHH,'2.2234,addadaf;
576,成渝赛区,老板，报告我真的憋不出来,'2.2286,hw42078746;
577,京津东赛区,吃葡萄不吐葡萄皮,'2.2377,hw07981607;
578,成渝赛区,hwx709302,'2.2422,hwx709302;
579,杭厦赛区,hw20331507,'2.2426,hw20331507;
580,西北赛区,疯狂混子,'2.2457,hw55991984;
581,西北赛区,you're my sunshine,'2.2566,hw94037800;
582,粤港澳赛区,not_rp,'2.2574,not_rp;
583,成渝赛区,hw52268800,'2.2716,hw52268800;
584,杭厦赛区,hw33077508,'2.2757,hw33077508;
585,西北赛区,hw70245837,'2.2851,hw70245837;
586,上合赛区,hw56019049,'2.2866,hw56019049;
587,成渝赛区,我要成为海贼王，的男人,'2.2883,hw65136177;
588,京津东赛区,ningyue1,'2.2958,ningyue1;
589,江山赛区,hw44379602,'2.2996,hw44379602;
590,成渝赛区,精神小伙,'2.3051,hw66051110;
591,上合赛区,SRC,'2.3064,qin_zhengwei;
592,京津东赛区,hw77597494,'2.3108,hw77597494;
593,上合赛区,TzT_tztztz,'2.311,TzT_tztztz;
594,杭厦赛区,hw94767075,'2.3119,hw94767075;
595,江山赛区,hw62358439,'2.3159,hw62358439;
596,上合赛区,Williss,'2.3199,Williss;
597,粤港澳赛区,Chadriy,'2.3302,Chadriy;
598,成渝赛区,Eric_Young,'2.3345,Eric_Young;
599,上合赛区,hw15114726,'2.3381,hw15114726;
600,粤港澳赛区,iTom_,'2.3386,iTom_;
601,上合赛区,yanghz5,'2.3425,yanghz5;
602,上合赛区,hw46899021,'2.3432,hw46899021;
603,江山赛区,Icandoitallday,'2.3492,Icandoitallday;
604,上合赛区,xuebin_yang,'2.3514,xuebin_yang;
605,上合赛区,coder_Lee23,'2.3524,coder_Lee23;
606,成渝赛区,DGGGDD,'2.3547,DGGGDD;
607,上合赛区,对不队2.0,'2.3592,hw30700412;
608,粤港澳赛区,瑟瑟发抖,'2.3607,hw38398165;
609,江山赛区,hello_wanga,'2.3623,hello_wanga;
610,京津东赛区,hw11425609,'2.3629,hw11425609;
611,成渝赛区,gzgywh,'2.3704,gzgywh;
612,上合赛区,头发渐稀终不悔,'2.3706,zehai_yu;
613,上合赛区,SA19225187,'2.3706,SA19225187;
614,上合赛区,hw11212679,'2.3742,hw11212679;
615,成渝赛区,hw60560423,'2.3806,hw60560423;
616,武长赛区,hw07196854,'2.3853,hw07196854;
617,杭厦赛区,hw12629377,'2.3888,hw12629377;
618,粤港澳赛区,westwood,'2.3964,westwood;
619,西北赛区,YZMSN_WLL,'2.397,YZMSN_WLL;
620,上合赛区,对不队,'2.3984,sky__fly;
621,杭厦赛区,hw38429385,'2.3988,hw38429385;
622,杭厦赛区,hw52224402,'2.4005,hw52224402;
623,西北赛区,hw47609169,'2.4033,hw47609169;
624,江山赛区,SA19225187,'2.4112,SA19225187;
625,西北赛区,hw44420059,'2.4113,hw44420059;
626,西北赛区,铁索连环,'2.4115,gq1997;
627,武长赛区,hw28412572,'2.4173,hw28412572;
628,京津东赛区,Zootopia,'2.4181,Zootopia;
629,京津东赛区,dwtenis,'2.4197,dwtenis;
630,杭厦赛区,test,'2.4246,hw78218248;
631,上合赛区,dwtenis,'2.4298,dwtenis;
632,江山赛区,高英俊,'2.4301,gaodechen;
633,成渝赛区,hw77155828,'2.4306,hw77155828;
634,武长赛区,TryEverything,'2.4365,TryEverything;
635,西北赛区,3味debugger,'2.4447,Dorothy0719;ColorfulWoods;hw40234995;
636,上合赛区,wh4444,'2.4507,wh4444;
637,西北赛区,hw44413241,'2.4519,hw44413241;
638,武长赛区,hw77737813,'2.4521,hw77737813;
639,杭厦赛区,hw86166020,'2.4537,hw86166020;
640,江山赛区,辰湖,'2.4541,Flyan_Chenu;
641,武长赛区,2233在哪里,'2.4552,hw67479519;
642,杭厦赛区,hw50391451,'2.4651,hw50391451;
643,杭厦赛区,SA19225187,'2.4655,SA19225187;
644,成渝赛区,小号,'2.4661,Diaoyufeng;
645,江山赛区,霁霓太美,'2.4676,ingramwj;
646,上合赛区,11号公寓的男孩们,'2.4688,lsj1292;hw10097584;yuegecai;
647,江山赛区,hw59798609,'2.473,hw59798609;
648,上合赛区,先放DJ 先放DJ,'2.4755,backkon;
649,武长赛区,1234,'2.4769,szy1999;
650,成渝赛区,MikeZ,'2.4773,MikeZ;
651,武长赛区,hw16626532,'2.4784,hw16626532;
652,成渝赛区,hw46235512,'2.4831,hw46235512;
653,江山赛区,mengzhongyi,'2.4902,mengzhongyi;
654,上合赛区,hw20785000,'2.4939,hw20785000;
655,上合赛区,疯狂划水,'2.497,hw31833524;
656,粤港澳赛区,czc1241,'2.5032,czc1241;
657,上合赛区,hw99325344,'2.5036,hw99325344;
658,京津东赛区,JNJYan,'2.5059,JNJYan;
659,西北赛区,hw88225955,'2.5089,hw88225955;
660,江山赛区,HoggerOvO,'2.5267,HoggerOvO;
661,成渝赛区,hw46984847,'2.5336,hw46984847;
662,上合赛区,Torque2,'2.5337,Torque2;
663,杭厦赛区,ICLABHDU,'2.5348,ICLABHDU;
664,杭厦赛区,Xiangleilei_,'2.5371,Xiangleilei_;
665,西北赛区,YangDavid,'2.5377,YangDavid;
666,成渝赛区,卡妹今天不出发,'2.538,hw39010254;
667,西北赛区,菜鸟联盟,'2.5395,IHarbor;hyh-xjtu;yuweiwang;
668,上合赛区,602金龙,'2.5426,colden;
669,京津东赛区,hw16786056,'2.5434,hw16786056;
670,杭厦赛区,WUHUQIFEI,'2.5469,WUHUQIFEI;
671,杭厦赛区,hw45648249,'2.5631,hw45648249;
672,武长赛区,jackspring,'2.5636,jackspring;
673,上合赛区,喵喵叹气,'2.5683,hw13610386;hw56863811;
674,成渝赛区,SA19225187,'2.5691,SA19225187;
675,杭厦赛区,信用卡诈骗小组,'2.5787,qiang____;YangQingsheng;Xieqinan;
676,西北赛区,hw_zzy1997,'2.5862,hw_zzy1997;
677,上合赛区,hw80021605,'2.5895,hw80021605;
678,杭厦赛区,舔包我最行97,'2.5995,essay;
679,武长赛区,Mejoryaaaa,'2.6033,Meijory;
680,上合赛区,ThreeStupidCats,'2.6084,Chillstep;MingyGod;daxdgin;
681,京津东赛区,HITZhaozhongtian,'2.6102,HITZhaozhongtian;
682,西北赛区,Terry_1iu,'2.6274,Terry_1iu;
683,京津东赛区,hw66615868,'2.6324,hw66615868;
684,京津东赛区,hw41098441,'2.6333,hw41098441;
685,成渝赛区,trappist,'2.6372,trappist;
686,西北赛区,hehehehahaha,'2.6493,hw91278285;
687,京津东赛区,hhhhhaa,'2.6543,hw13357095;
688,上合赛区,hw57515763,'2.662,hw57515763;
689,京津东赛区,hw406315,'2.6691,hw51360456;
690,武长赛区,Novice,'2.6694,Novice_wu;
691,上合赛区,uniuvel,'2.6696,uniuvel;
692,江山赛区,专吃王八杰尼龟,'2.6696,hh2094;
693,杭厦赛区,hw59190667,'2.6797,hw59190667;
694,上合赛区,奈奈奈,'2.6825,Kiana__;
695,武长赛区,HUAWEI P40,'2.6914,hw95591896;
696,西北赛区,hw89231531,'2.6943,hw89231531;
697,江山赛区,hw58026923,'2.7014,hw58026923;
698,京津东赛区,HIToys,'2.7096,HIToys;
699,西北赛区,BiuBiuBiu,'2.7113,Tsingpeng;
700,上合赛区,hw92551059,'2.7124,hw92551059;
701,杭厦赛区,mkt_7489_9109,'2.7135,mkt_7489_9109;
702,杭厦赛区,hw56426573,'2.7137,hw56426573;
703,江山赛区,大专人我大专神！大专都是人上人！给我冲,'2.7137,ccg666666;
704,成渝赛区,菜鸟指挥官,'2.7137,winterf;
705,粤港澳赛区,啥也不是,'2.714,HIT_information;
706,杭厦赛区,石家冲,'2.7158,hw68738827;
707,成渝赛区,hw96228778,'2.7162,hw96228778;
708,江山赛区,www,'2.7174,NO_BUG_PLS;
709,江山赛区,奔跑的菜鸟,'2.7198,hw28581777;hw91945744;XXMF2hl;
710,杭厦赛区,淡黄的长裙,'2.7221,sun_agony710;
711,杭厦赛区,hw49779647,'2.7225,hw49779647;
712,粤港澳赛区,cbleach,'2.724,cbleach;
713,西北赛区,hw49226307,'2.7242,hw49226307;
714,成渝赛区,hw02287050,'2.7254,hw02287050;
715,杭厦赛区,hw81749476,'2.7257,hw81749476;
716,西北赛区,hw43989645,'2.7261,hw43989645;
717,江山赛区,hw59912795,'2.7283,hw59912795;
718,武长赛区,hw51605427,'2.7286,hw51605427;
719,京津东赛区,水沝淼,'2.7294,NoNameNeeded;
720,上合赛区,hw54956782,'2.7303,hw54956782;
721,杭厦赛区,FunpLuS,'2.7317,kmaeii;
722,西北赛区,加油！奥利给！,'2.7324,hw98993333;
723,江山赛区,hhq,'2.7327,hw46618780;hw95290335;hw85158086;
724,京津东赛区,hw43444746,'2.7332,hw43444746;
725,武长赛区,hust_1037,'2.734,hbk_hust;
726,成渝赛区,hw44676776,'2.7359,hw44676776;
727,粤港澳赛区,hw81749476,'2.7385,hw81749476;
728,江山赛区,勇往直前,'2.7389,hw29715075;hw66097204;hw10431296;
729,上合赛区,shammy,'2.7394,shammy;
730,武长赛区,啄米,'2.7405,jolinchen;
731,上合赛区,hw59431392,'2.7409,hw59431392;
732,上合赛区,BeckyPau,'2.7411,BeckyPau;
733,成渝赛区,风暴龙王降临 决战开始,'2.7413,hw54207516;
734,海外赛区,中年人的快乐,'2.7429,hw87844592;
735,上合赛区,fan,'2.7431,hw37697970;
736,上合赛区,tan626,'2.7433,tan626;
737,上合赛区,hw81749476,'2.7433,hw81749476;
738,西北赛区,hw92825959,'2.7444,hw92825959;
739,成渝赛区,沃克比欧文更好,'2.7462,hw69237107;
740,上合赛区,HitMAN_Reborn,'2.7466,HitMAN_Reborn;
741,西北赛区,GKD,'2.7469,hw98081750;hw06619168;hw53394223;
742,京津东赛区,skrskr,'2.7498,wanwanh;
743,武长赛区,hw77840083,'2.7501,hw77840083;
744,西北赛区,Qwerty1e,'2.7503,Qwerty1e;
745,上合赛区,Arch-Villain_Rafaam,'2.7525,Arch-Villain_Rafaam;
746,杭厦赛区,hw03568452,'2.7529,hw03568452;
747,江山赛区,hh99号小分队,'2.7537,hw98907721;
748,成渝赛区,Idiots,'2.7556,sosoIrving;
749,成渝赛区,COCOAA,'2.7565,COCOAA;
750,武长赛区,曹贼休走,'2.7582,Polaris_Hsu;hw35799334;
751,上合赛区,melody111,'2.7592,melody111;
752,西北赛区,hw64002824,'2.7599,hw64002824;
753,西北赛区,hw98299183,'2.7606,hw98299183;
754,杭厦赛区,kkk,'2.7607,hw74961502;
755,京津东赛区,hw42248035,'2.7619,hw42248035;
756,京津东赛区,hw34847906,'2.762,hw34847906;
757,上合赛区,hw11207117,'2.762,hw11207117;
758,上合赛区,OnePiece,'2.7626,candyflow;
759,海外赛区,hw23568183,'2.7628,hw23568183;
760,西北赛区,hw51859484,'2.7632,hw51859484;
761,武长赛区,xbb0720,'2.7634,xbb0720;
762,上合赛区,kexuefu,'2.7638,kexuefu;
763,江山赛区,hw01057233,'2.764,hw01057233;
764,江山赛区,hw23568183,'2.7644,hw23568183;
765,成渝赛区,hw34574814,'2.7665,hw34574814;
766,京津东赛区,miao_777,'2.7668,miao_777;
767,西北赛区,hw92696703,'2.7669,hw92696703;
768,京津东赛区,tianyeebing,'2.7675,tianyeebing;
769,成渝赛区,hw82321295,'2.7681,hw82321295;
770,成渝赛区,Sideoloes,'2.7701,Sideoloes;
771,成渝赛区,hw59431392,'2.7707,hw59431392;
772,海外赛区,hw81749476,'2.7714,hw81749476;
773,江山赛区,hw08786912,'2.773,hw08786912;
774,粤港澳赛区,Zero_eclipse,'2.7749,Jennie_Lin;hw81393850;
775,西北赛区,hw86170966,'2.775,hw86170966;
776,西北赛区,LYL525799,'2.7755,LYL525799;
777,成渝赛区,尾巴不只能用来挠痒痒哦,'2.7786,hw81749476;
778,西北赛区,hw23568183,'2.779,hw23568183;
779,京津东赛区,诺克萨斯之手之无情铁手,'2.7796,hw06741816;
780,武长赛区,cranky_xq,'2.7798,cranky_xq;
781,成渝赛区,hw21301727,'2.7813,hw21301727;
782,上合赛区,hw96116808,'2.7822,hw96116808;
783,成渝赛区,ccvyang,'2.7835,ccvyang;
784,粤港澳赛区,小做题家,'2.7841,hw03018238;
785,成渝赛区,405菜刀队,'2.7856,hw45212568;hw25468993;Lyonllf;
786,武长赛区,快乐水加速器,'2.7866,Backl1ght;
787,杭厦赛区,gugugu,'2.7867,hw88457868;
788,西北赛区,莫非黄昏下,'2.787,hw04388221;
789,京津东赛区,hw23568183,'2.7872,hw23568183;
790,海外赛区,hw00512656,'2.7881,hw00512656;
791,江山赛区,请以上队伍上台领奖,'2.7883,PotLoveAl;echo821218213;
792,成渝赛区,hw98326750,'2.79,hw98326750;
793,西北赛区,我就是Qb,'2.7904,hw50351047;
794,武长赛区,hw23568183,'2.7912,hw23568183;
795,西北赛区,Hilvcha,'2.8029,Hilvcha;
796,杭厦赛区,斐波那契数列,'2.8038,hw54915099;
797,杭厦赛区,hw45679089,'2.804,iu4u4u;HaijieHu;programmers_supporter;
798,杭厦赛区,老师说的都队,'2.8104,hw60143885;w_angle_i;hw53468254;
799,京津东赛区,SA19225187,'2.8181,SA19225187;
800,粤港澳赛区,小谷围男子职业技术学院,'2.8184,gdut_LV;
801,西北赛区,111,'2.8194,mronne;
802,成渝赛区,hw39213456,'2.8309,hw39213456;
803,西北赛区,jx9527,'2.8325,jx9527;
804,西北赛区,wlqcloud,'2.8355,wlqcloud;
805,武长赛区,ITryagain,'2.8391,ITryagain;
806,成渝赛区,三人行,'2.8419,hw23568183;
807,成渝赛区,hw54203167,'2.8434,hw54203167;
808,成渝赛区,RADIO,'2.8443,hw97703639;Cmaker;
809,杭厦赛区,自由之翼,'2.8491,liznsalt;
810,西北赛区,hw34072282,'2.8507,hw34072282;
811,江山赛区,代码你要学会自动优化啊,'2.8516,IZhaoXianfengI;pig1060739683;
812,武长赛区,Happy Water Accelerator,'2.8588,backl2ght;
813,杭厦赛区,hw643478,'2.8644,hw643478;
814,上合赛区,xlq57913,'2.8664,xlq57913;
815,江山赛区,HearMeGiao!,'2.8667,BigNosefan;bless_aa;
816,成渝赛区,大白菜,'2.8671,Yuzhengshun;hw18996989;
817,杭厦赛区,达拉崩吧,'2.8906,hw21152588;hw99403045;hw91631601;
818,杭厦赛区,我赌你枪里没子弹,'2.8917,hw83190026;
819,京津东赛区,hw43782227,'2.8938,hw43782227;
820,成渝赛区,ruidada,'2.8962,ruidada;
821,杭厦赛区,sp,'2.8975,SpringtoString;
822,上合赛区,ruidada,'2.8999,ruidada;
823,江山赛区,hw79119866,'2.9017,hw79119866;
824,江山赛区,hw23865295,'2.9043,hw23865295;
825,武长赛区,大哥大,'2.9056,hw21235049;
826,京津东赛区,不慌我吃口药,'2.915,hw81749476;
827,西北赛区,yang_jx,'2.9198,yang_jx;
828,杭厦赛区,hw23568183,'2.9259,hw23568183;
829,上合赛区,hw49485044,'2.9318,hw49485044;
830,京津东赛区,HITOuyangSen,'2.9446,HITOuyangSen;
831,成渝赛区,hw00636709,'2.9688,hw00636709;
832,杭厦赛区,HangDianWaterest,'2.9762,hw03758433;
833,上合赛区,Yottabyte,'2.9823,hw55910842;
834,上合赛区,hw00717793,'2.9827,hw00717793;
835,西北赛区,fang_tang,'2.9955,fang_tang;
836,杭厦赛区,风起云涌,'3.0103,GolemGod;
837,杭厦赛区,都挺好,'3.0182,hdu116;
838,武长赛区,hw16924810,'3.0243,hw16924810;
839,西北赛区,神厨小福贵,'3.029,thefei;
840,上合赛区,HeadSteel,'3.0336,HeadSteel;
841,粤港澳赛区,tx_clarklin,'3.0358,clarklin_;
842,粤港澳赛区,重启2020,'3.0417,NFTS_9527;gzwzmhwc;coderofchina;
843,杭厦赛区,hw63794692,'3.0468,hw63794692;
844,西北赛区,bostonfcb,'3.0519,bostonfcb;
845,西北赛区,manatsu,'3.0574,manatsu;
846,杭厦赛区,Kaizyn,'3.0595,Kaizyn;
847,粤港澳赛区,hw31755364,'3.0632,hw31755364;
848,上合赛区,hw55222053,'3.0749,hw55222053;
849,杭厦赛区,吃葡萄不吐葡萄皮,'3.087,liuzhijie2020;hw09320321;hw92778540;
850,成渝赛区,hw51203449,'3.0876,hw51203449;
851,上合赛区,hw36707724,'3.0897,hw36707724;
852,上合赛区,hw62161746,'3.1018,hw62161746;
853,粤港澳赛区,二饭二滑蛋真好吃,'3.1284,hw15281537;
854,粤港澳赛区,ruidada,'3.1318,ruidada;
855,杭厦赛区,略略略！605,'3.1428,Aris-zzzz;yxj1996;hw01706253;
856,杭厦赛区,hw34093730,'3.1488,hw34093730;
857,江山赛区,奇怪的的队伍增加+1,'3.1641,lovemyx;xrbno1;xiaoxiaoxiaot;
858,西北赛区,hw88500379,'3.1799,hw88500379;
859,杭厦赛区,hw17833325,'3.2154,hw17833325;
860,西北赛区,qiaotongxue,'3.2276,qiaotongxue;
861,成渝赛区,notokkk,'3.2283,notokkk;
862,武长赛区,huhusw,'3.2376,huhusw;
863,武长赛区,hw51147637,'3.2846,hw51147637;
864,江山赛区,干死黄旭东,'3.2861,hw34880919;
865,西北赛区,kkiix,'3.2887,hw51147637;
866,上合赛区,hw20277792,'3.2946,hw20277792;
867,成渝赛区,一号小分队,'3.2947,hw02333004;hw13958281;
868,粤港澳赛区,hw52488311,'3.3134,hw52488311;
869,江山赛区,hw68448534,'3.3173,hw68448534;
870,粤港澳赛区,hellot 开始,'3.328,hw51147637;
871,上合赛区,TimeError,'3.3563,TimeError;
872,江山赛区,hw26807682,'3.3597,hw26807682;
873,西北赛区,hw16332601,'3.3749,hw16332601;
874,江山赛区,谁TM写Python,'3.3762,hw42516820;
875,杭厦赛区,hw85803659,'3.3822,hw85803659;
876,西北赛区,hw57807865,'3.3901,hw57807865;
877,成渝赛区,hw996853921,'3.3957,hw996853921;
878,西北赛区,hw52635358,'3.3961,hw52635358;
879,杭厦赛区,dwtenis,'3.3994,dwtenis;
880,江山赛区,淡黄的长裙,'3.4029,Fan_Shujuan;hw16332601;Feng_Shiyu;
881,京津东赛区,循环转账二十万,'3.4031,hw01733592;
882,上合赛区,hw94524748_,'3.4056,hw94524748_;
883,成渝赛区,MH,'3.4092,M-H0328;
884,西北赛区,莽就完事儿,'3.4103,baoyi84930;
885,粤港澳赛区,终于有分了,'3.4114,hw99217064;
886,江山赛区,愤怒的Python,'3.4124,hw78293706;
887,江山赛区,一个大大大大大橙子,'3.4186,zhongjiezhexyz10;
888,上合赛区,hw27491266,'3.4194,hw27491266;
889,杭厦赛区,Feng_Shiyu,'3.4195,Feng_Shiyu;
890,江山赛区,垃圾C++,'3.4206,hw02558317;
891,江山赛区,没人写汇编吗,'3.4254,hw81858029;
892,成渝赛区,hw79107462,'3.4432,hw79107462;
893,江山赛区,工作细胞,'3.4434,sww2021;
894,江山赛区,ok兄弟会,'3.4443,kyacmy;zxr_nju;
895,成渝赛区,hw85938985,'3.4471,hw85938985;
896,成渝赛区,hw17163246,'3.4497,hw17163246;
897,江山赛区,Bug-maker,'3.4523,hw14546412;
898,成渝赛区,hw53266638,'3.4535,hw53266638;
899,上合赛区,小嘉队,'3.4622,idiot_;rdc201213;goukun;
900,京津东赛区,hw87824027,'3.4626,hw87824027;
901,成渝赛区,hw28702748,'3.4672,hw28702748;
902,上合赛区,guanrui95,'3.4689,guanrui95;
903,杭厦赛区,hw57807865,'3.4762,hw57807865;
904,粤港澳赛区,iammai,'3.4827,iammai;
905,上合赛区,hw85500118,'3.4868,hw85500118;
906,杭厦赛区,hw76138140,'3.491,hw76138140;
907,京津东赛区,hw,'3.4912,hw95127065;
908,武长赛区,学反洗钱的洗钱组~,'3.4913,hw41966624;
909,成渝赛区,hw48255712,'3.5005,hw48255712;
910,武长赛区,hw52602753,'3.5092,hw52602753;
911,西北赛区,renhuanyu,'3.5133,renhuanyu;
912,西北赛区,优化不动了,'3.5301,yezmao;
913,西北赛区,xidian_zhs,'3.5708,xidian_zhs;
914,江山赛区,CPPPPPP,'3.5714,hw27491266;
915,西北赛区,hw80888788,'3.5734,hw80888788;
916,成渝赛区,Hongmoshui,'3.5768,Hongmoshui;
917,粤港澳赛区,coco_cola,'3.5786,coco_cola;
918,杭厦赛区,last258,'3.5858,last258;
919,粤港澳赛区,wr_8040,'3.5877,wr_8040;
920,西北赛区,hw63809112,'3.5908,hw63809112;
921,西北赛区,hw85803659,'3.5959,hw85803659;
922,京津东赛区,hellokun,'3.6135,hw09005049;
923,江山赛区,hw60259697,'3.6248,hw60259697;
924,江山赛区,江湖险恶,'3.6281,DEATHLAI;WalkInThePast;
925,武长赛区,Bota5ky,'3.6547,Bota5ky;
926,武长赛区,hw78446253,'3.6588,hw78446253;
927,武长赛区,hw77081732,'3.6598,hw77081732;
928,粤港澳赛区,hw63522018,'3.6804,hw63522018;
929,成渝赛区,hw63522018,'3.6823,hw63522018;
930,武长赛区,hw47005954,'3.6933,hw47005954;
931,杭厦赛区,随便搞搞,'3.7025,Yjoker;Tunder__Sun;hw99706634;
932,江山赛区,歌德寂寞,'3.7142,adinosaur;
933,武长赛区,hw00636709,'3.7156,hw00636709;
934,杭厦赛区,hw13743654,'3.7376,hw13743654;
935,京津东赛区,长方体混凝土移动工程局,'3.7409,YvanYan;BNChou2020;
936,江山赛区,老周最强,'3.7431,Tensai_Gu;
937,江山赛区,hw0002,'3.7447,hw38012314;
938,上合赛区,hw10050129,'3.752,hw10050129;
939,粤港澳赛区,S_black,'3.7697,S_black;
940,上合赛区,hw76963048,'3.7735,hw76963048;
941,成渝赛区,篮网总冠军,'3.7828,hw19088420;
942,杭厦赛区,hw58326981,'3.7853,hw58326981;
943,江山赛区,hw13743654,'3.7889,hw13743654;
944,武长赛区,Ncc-yixi,'3.7913,Ncc-yixi;
945,成渝赛区,onesmart_m,'3.7937,onesmart_m;
946,上合赛区,hw65495744,'3.8036,hw65495744;
947,京津东赛区,hw84748906,'3.8131,hw84748906;
948,江山赛区,原来比赛都是用C++的,'3.8155,sandalen;hw94436908;
949,西北赛区,hw02559310,'3.8204,hw02559310;
950,江山赛区,CCWUCMCTS,'3.822,CCWUCMCTS;
951,上合赛区,KunyuWu,'3.8283,KunyuWu;
952,京津东赛区,hw41277161,'3.8477,hw41277161;
953,粤港澳赛区,高锌高钙,'3.8504,lampLighter;wwhio_;
954,成渝赛区,hw55841801,'3.8522,hw55841801;
955,京津东赛区,hw63522018,'3.8563,hw63522018;
956,武长赛区,sunxiangjun,'3.8641,sunxiangjun;
957,武长赛区,关山口小分队,'3.8733,arceot;hw22448040;hw97746814;
958,京津东赛区,hw60460127,'3.8748,hw60460127;
959,杭厦赛区,hw63522018,'3.8791,hw63522018;
960,西北赛区,senhony,'3.8823,senhony;
961,江山赛区,我就写Java,'3.8847,hw50313089;
962,武长赛区,chenyj99,'3.8867,chenyj99;
963,京津东赛区,hw56510928,'3.8877,hw56510928;
964,杭厦赛区,张小小恩,'3.9018,ylzf0000;
965,西北赛区,hw75507949,'3.9077,hw75507949;
966,上合赛区,hw23568183,'3.9216,hw23568183;
967,成渝赛区,test_8262_123,'3.9337,test_8262_123;
968,成渝赛区,test_8803_3,'3.9352,test_8803_3;
969,江山赛区,hw85016378,'3.9353,hw85016378;
970,杭厦赛区,你们好快呀,'3.9572,hw61008130;hw06644699;Komorebis;
971,成渝赛区,12345,'3.9577,LiberBin;
972,杭厦赛区,你们都好快~,'3.9589,hw11715093;hw15491309;hw06733434;
973,江山赛区,hw63522018,'3.959,hw63522018;
974,西北赛区,EGM_EGMEGM,'3.9791,alviney_wong;
975,西北赛区,A_Z_T_,'3.9875,A_Z_T_;
976,西北赛区,大葱大葱,'4.0063,hw70151472;
977,武长赛区,EndlessOct,'4.0067,brifuture;
978,杭厦赛区,NO.1,'4.0071,hw41016612;
979,粤港澳赛区,Derfei,'4.0164,Derfei;
980,上合赛区,hw67008262,'4.0216,hw67008262;
981,京津东赛区,肉蛋葱鸡,'4.0239,miemouwu;hw88006891;
982,成渝赛区,hw13743654,'4.056,hw13743654;
983,京津东赛区,hw335188,'4.0583,hw33518827;
984,江山赛区,hw33193654,'4.0699,hw33193654;
985,武长赛区,heiziSS,'4.079,heiziSS;
986,成渝赛区,艺洋千禧,'4.0796,CaptYoung;Roy_Hall;
987,上合赛区,hw63522018,'4.0967,hw63522018;
988,上合赛区,hw28412572,'4.1039,hw28412572;
989,京津东赛区,hw51430944,'4.121,hw51430944;
990,武长赛区,hw13743654,'4.1279,hw13743654;
991,上合赛区,同济第一交通委队,'4.1359,TimorCapital;
992,京津东赛区,hw08034176,'4.1457,hw08034176;
993,西北赛区,hw97836021,'4.1873,hw97836021;
994,西北赛区,没有人比我更懂药水哥,'4.1878,zhang894112607;
995,京津东赛区,Auto-BIT,'4.1901,hw65136767;hw25157261;
996,西北赛区,塞外鱼米乡,'4.2028,zhengweiU;
997,杭厦赛区,pobin,'4.2228,pobin6;
998,江山赛区,yyyyhhhh,'4.2379,hw56054527;
999,京津东赛区,hw96234002,'4.2452,hw96234002;
1000,杭厦赛区,WH_Fly,'4.264,dddfaker;hw09862440;hw49183178;
1001,成渝赛区,hw55849069,'4.2916,hw55849069;
1002,成渝赛区,314老友记,'4.3017,hw37704816;hw69858722;Anastasia_YY;
1003,西北赛区,干就完事了,'4.3065,moon_on;
1004,成渝赛区,hw38866491,'4.3079,hw38866491;
1005,西北赛区,上上下下左右左右BABA,'4.3122,Tsunda;
1006,西北赛区,叹一句当时只道是寻常,'4.3177,sculta;
1007,江山赛区,老周很强,'4.3316,hw19498294;
1008,江山赛区,蛋炒饭,'4.357,hw36575783;
1009,粤港澳赛区,大学城南荔枝湾队,'4.3622,ddttd;
1010,上合赛区,ipadpro,'4.3663,ipadpro;
1011,上合赛区,梦付千秋星垂野,'4.3664,BugAngel;
1012,京津东赛区,minghb,'4.3908,minghb;
1013,成渝赛区,hw28412572,'4.405,hw28412572;
1014,成渝赛区,你的月亮我的心,'4.4185,hw67444782;hw17518762;xiaoZhang143;
1015,粤港澳赛区,叮当,'4.4338,Mr_silver;
1016,成渝赛区,hw39709928,'4.4339,hw39709928;
1017,成渝赛区,coding,'4.4484,hw68064105;
1018,杭厦赛区,hw02849838,'4.4556,hw02849838;
1019,成渝赛区,摸爬滚打学编程,'4.4561,hw27761548;
1020,上合赛区,hw60727119,'4.4564,hw60727119;
1021,成渝赛区,我也没想法,'4.458,hw75127522;
1022,武长赛区,hw18390835,'4.4592,hw18390835;
1023,江山赛区,嘿嘿嘿,'4.4596,hw39510694;
1024,成渝赛区,aweijx,'4.4866,aweijx;hw08784713;
1025,上合赛区,Gattaca,'4.4891,sanwoy;
1026,江山赛区,hw73788528,'4.4895,hw73788528;
1027,武长赛区,sssssssss,'4.4979,hw62116846;
1028,西北赛区,hw56510928,'4.5045,hw56510928;
1029,上合赛区,SoltedFish,'4.5071,garbageSoltedFish_PhysDeserter;
1030,武长赛区,终于等到你,'4.5155,xuehao1420132420;hw95705921;hw67353196;
1031,粤港澳赛区,三杯弄剑,'4.5255,Yongggg;
1032,粤港澳赛区,ICY2INVINCIBLE,'4.5274,ICY2INVINCIBLE;
1033,成渝赛区,hw73788528,'4.5322,hw73788528;
1034,上合赛区,鹅一样的队友,'4.5368,hw36631003;
1035,粤港澳赛区,silver,'4.5487,cjychen;
1036,京津东赛区,关灯吃面,'4.5527,hw09214471;
1037,京津东赛区,hw02849838,'4.5569,hw02849838;
1038,西北赛区,伞兵一号已就位,'4.5596,nwu_zhanghao;
1039,江山赛区,cqq2020,'4.5647,rubychen611;
1040,上合赛区,鸭一样的队友,'4.5654,hw94285367;
1041,上合赛区,hzd0328,'4.573,hzd0328;
1042,西北赛区,kakuoo,'4.5898,kakuoo;
1043,西北赛区,吸烟有害健康,'4.6039,hw18007211;
1044,武长赛区,给大佬们献上一杯卡布奇诺,'4.6363,hw12360919;hw62934984;
1045,上合赛区,hw02849838,'4.6505,hw02849838;
1046,成渝赛区,123zcc,'4.6532,zczero;
1047,粤港澳赛区,taiduohua,'4.6553,hw83136555;
1048,西北赛区,python也太慢了,'4.6623,jwjwjwzhang;
1049,京津东赛区,hw26608680,'4.6724,hw26608680;
1050,成渝赛区,我太菜了,'4.6788,yezmao;
1051,上合赛区,hasaki,'4.6929,hw95860991;
1052,粤港澳赛区,dfs_upupup,'4.693,gu0220;
1053,武长赛区,没想好叫啥的咸鱼,'4.6993,hw47611362;hw97850326;yjtyjt;
1054,杭厦赛区,ckXu_ZJU,'4.754,ckXu_ZJU;
1055,成渝赛区,西佳佳2,'4.7562,hw33361897;
1056,粤港澳赛区,hw92960653,'4.7642,risingstar_zr;
1057,江山赛区,hw51430944,'4.7686,hw51430944;
1058,粤港澳赛区,哈咯,'4.8121,hw64602094;
1059,西北赛区,试试看,'4.8261,NAVIs1mple;
1060,西北赛区,hw59059868,'4.8422,hw59059868;
1061,成渝赛区,czson,'4.8514,uestc_ccz;
1062,西北赛区,hw73566780,'4.8691,hw73566780;
1063,京津东赛区,USTB208,'4.8717,Electronic;hw57256780;hw43430558;
1064,成渝赛区,南山泉水鸡,'4.8717,fantasyLoh;easyPP;CancooCHQ;
1065,江山赛区,hw0001,'4.8929,hw47352409;
1066,西北赛区,hw97728648,'4.8939,hw97728648;
1067,西北赛区,hw91595297,'4.8994,hw91595297;
1068,西北赛区,hw45405501,'4.8995,hw45405501;
1069,成渝赛区,xiyan_5768,'4.9202,xiyan_5768;
1070,杭厦赛区,hw52949116,'4.9273,hw52949116;
1071,上合赛区,hw28234889,'4.9283,hw28234889;
1072,杭厦赛区,WenzeHDULOL,'4.9565,hw97312899;hw38025925;hw32668177;
1073,西北赛区,hw99362153,'4.9585,hw99362153;
1074,武长赛区,hw32969365,'4.9672,hw32969365;
1075,京津东赛区,r3o7b2,'4.9752,hw07603418;hw60020686;hw34541241;
1076,西北赛区,smalkang,'4.9814,smalkang;
1077,西北赛区,donghhh,'4.9897,donghhh;
1078,江山赛区,Azure0522,'5.004,Azure0522;
1079,西北赛区,fearless,'5.0275,fearless1111;
1080,江山赛区,hw26927667,'5.0289,hw26927667;
1081,上合赛区,薇鹅莉特,'5.0615,hw57954536;
1082,江山赛区,hw88007157,'5.063,hw88007157;
1083,武长赛区,武长小组,'5.0755,hw40711017;baozhixue;
1084,西北赛区,hw13230034,'5.0776,hw13230034;
1085,西北赛区,美丽北大荒,'5.0929,haokeyingrui;
1086,武长赛区,sqpj_nice,'5.1039,sqpj_nice;
1087,成渝赛区,Little_squirrel_writing_code,'5.1076,Little_squirrel_writing_code;
1088,杭厦赛区,hw93352096,'5.112,hw93352096;
1089,武长赛区,hw21811905,'5.1445,hw21811905;
1090,江山赛区,清蒸哈什蚂,'5.1487,ylf9811;hw19922261;
1091,江山赛区,Tsunaou,'5.15,Tsunaou;
1092,上合赛区,renhuanyu,'5.1516,renhuanyu;
1093,京津东赛区,浮哥牛逼,'5.1553,hw24826079;hw81950872;
1094,西北赛区,星尘远征军,'5.1599,ko-no-dio-da;LittleFall;
1095,上合赛区,hw90814215,'5.1664,hw90814215;
1096,成渝赛区,LLAmber,'5.1669,LLAmber;
1097,江山赛区,LeoDarcy,'5.1706,LeoDarcy;
1098,江山赛区,hw08034176,'5.1996,hw08034176;
1099,杭厦赛区,aaaa,'5.2237,hw29960420;
1100,京津东赛区,sigsers,'5.2258,madd2014;GDong111;hw11426387;
1101,武长赛区,jodan_luo,'5.2449,jodan_luo;
1102,江山赛区,Human Learning,'5.2597,hw82678275;jiangjiangzuijiang;
1103,武长赛区,hw08034176,'5.2671,hw08034176;
1104,西北赛区,keyword,'5.2785,keyword;
1105,上合赛区,jamlke,'5.288,jamlke;
1106,杭厦赛区,hw08034176,'5.3025,hw08034176;
1107,成渝赛区,西佳佳,'5.3149,hw27442386;
1108,上合赛区,hw58268376,'5.3592,hw58268376;
1109,江山赛区,HMM,'5.3603,hw31203258;
1110,杭厦赛区,hw18274874,'5.3835,hw18274874;
1111,京津东赛区,hw28412572,'5.3868,hw28412572;
1112,京津东赛区,qYinan,'5.4098,qYinan;
1113,江山赛区,不太会打加一队,'5.4138,bthd_jyf;
1114,江山赛区,发量惊人,'5.4176,BubbleTeapot;hw50018724;hw90124044;
1115,成渝赛区,小松鼠来敲代码呀,'5.4295,hw2926225800;
1116,西北赛区,tamlovincy,'5.446,tamlovincy;
1117,江山赛区,ngnrjxw,'5.4725,ngnrjxw;
1118,成渝赛区,hw07883901,'5.4757,hw07883901;
1119,武长赛区,太难了QAQ,'5.4813,hw13508875;
1120,杭厦赛区,ANT,'5.5113,hw61012688;
1121,成渝赛区,hw53636925,'5.5273,hw53636925;
1122,西北赛区,hty_xjtu,'5.5494,hty_xjtu;
1123,成渝赛区,WYFXJHW,'5.588,WYFXJHW;
1124,西北赛区,hwx709302,'5.5948,hwx709302;
1125,粤港澳赛区,hwx709302,'5.5948,hwx709302;
1126,粤港澳赛区,uestc_ccz,'5.6071,uestc_ccz;
1127,杭厦赛区,hwx709302,'5.6086,hwx709302;
1128,海外赛区,hwx709302,'5.6142,hwx709302;
1129,京津东赛区,uestc_ccz,'5.6151,uestc_ccz;
1130,杭厦赛区,DoreenLing,'5.6153,DoreenLing;
1131,京津东赛区,hwx709302,'5.616,hwx709302;
1132,成渝赛区,hw22835227,'5.6168,hw22835227;
1133,上合赛区,DoreenLing,'5.6173,DoreenLing;
1134,京津东赛区,DoreenLing,'5.6178,DoreenLing;
1135,上合赛区,hwx709302,'5.6198,hwx709302;
1136,江山赛区,uestc_ccz,'5.6212,uestc_ccz;
1137,上合赛区,uestc_ccz,'5.6223,uestc_ccz;
1138,江山赛区,黑鸭黑鸭,'5.634,hw19421776;
1139,武长赛区,武理取闹两憨批,'5.6358,ddmm_whut;zhanyang666;hw64809223;
1140,粤港澳赛区,Arrow,'5.6396,donaldsu;
1141,江山赛区,Poemanfurture,'5.6468,Poemanfurture;
1142,成渝赛区,刚学冒泡排序,'5.6515,hw23827551;
1143,海外赛区,uestc_ccz,'5.6531,uestc_ccz;
1144,海外赛区,Poemanfurture,'5.6531,Poemanfurture;
1145,成渝赛区,hw09461151,'5.6562,hw09461151;
1146,武长赛区,uestc_ccz,'5.6567,uestc_ccz;
1147,江山赛区,hwx709302,'5.6606,hwx709302;
1148,江山赛区,O(n),'5.6619,aiguoth;fish_in_the_air;SunnyHahah;
1149,上合赛区,Poemanfurture,'5.6626,Poemanfurture;
1150,江山赛区,DoreenLing,'5.6693,DoreenLing;
1151,成渝赛区,Poemanfurture,'5.6975,Poemanfurture;
1152,成渝赛区,DoreenLing,'5.6983,DoreenLing;
1153,武长赛区,DoreenLing,'5.7075,DoreenLing;
1154,上合赛区,JAVAer不配拥有姓名吗,'5.7088,hw52447984;hw78633441;hw02455549;
1155,西北赛区,DoreenLing,'5.7122,DoreenLing;
1156,海外赛区,DoreenLing,'5.7122,DoreenLing;
1157,成渝赛区,hw85929612,'5.7161,hw85929612;
1158,粤港澳赛区,DoreenLing,'5.7166,DoreenLing;
1159,西北赛区,uestc_ccz,'5.7176,uestc_ccz;
1160,武长赛区,hwx709302,'5.7285,hwx709302;
1161,杭厦赛区,Csn1889,'5.78,Csn1889;
1162,杭厦赛区,hw10126301,'5.784,hw10126301;
1163,江山赛区,伏地魔,'5.8176,hw72778315;
1164,京津东赛区,zzz,'5.818,doubleQ;
1165,杭厦赛区,中华民族不畏新冠,'5.8355,hw57437763;
1166,杭厦赛区,菜鸡,'5.8626,hw98498297;
1167,西北赛区,hw09054337,'5.868,hw09054337;
1168,成渝赛区,hw91346810,'5.8791,hw91346810;
1169,武长赛区,hw57490158,'5.8866,hw57490158;
1170,京津东赛区,DQ9999,'5.9259,DQ9999;
1171,西北赛区,t123456,'5.9431,hw32563906;
1172,杭厦赛区,菜比联盟冲鸭,'5.9444,yingyk;hw94901462;Aromasf;
1173,粤港澳赛区,hw43948465,'5.9514,hw43948465;
1174,成渝赛区,请输入新的团队名称,'5.9644,IJustTryTry;zebrawang;
1175,成渝赛区,upsoar,'5.9851,upsoar;
1176,京津东赛区,hw27363490,'5.988,hw27363490;
1177,杭厦赛区,hw47779841,'6.0253,hw47779841;
1178,粤港澳赛区,么么么,'6.0394,Mua_zz;hw78647143;hw54507188;
1179,武长赛区,hw12523904,'6.0744,hw12523904;
1180,西北赛区,hw50174232,'6.1682,hw50174232;
1181,江山赛区,药水哥队,'6.1694,hw79971769;Jerry_Jiang;hw00648577;
1182,江山赛区,dwtenis,'6.1851,dwtenis;
1183,上合赛区,hw50174232,'6.1957,hw50174232;
1184,上合赛区,杨正宗,'6.197,hw53397517;hw39251168;hw66623862;
1185,武长赛区,hw47779841,'6.2053,hw47779841;
1186,西北赛区,hw72079692,'6.2139,hw72079692;
1187,京津东赛区,hw50174232,'6.2152,hw50174232;
1188,西北赛区,ffee1111,'6.233,ffee1111;
1189,江山赛区,春田花花幼稚园,'6.2333,WYezzZ;hw58810188;hw42485545;
1190,粤港澳赛区,hw50174232,'6.2367,hw50174232;
1191,西北赛区,hw02849838,'6.2671,hw02849838;
1192,杭厦赛区,鲲之大一锅炖不下,'6.3204,tianguoqing;
1193,京津东赛区,漓洲,'6.3364,yufeng_li;hw48999980;
1194,上合赛区,chegnice,'6.3487,chegnice;
1195,江山赛区,第53+1个质数,'6.3518,hw65058938;
1196,西北赛区,ruidada,'6.4055,ruidada;
1197,上合赛区,yhchen,'6.4191,yhchen;
1198,武长赛区,whut分母小队,'6.4538,hw08134823;pig_max;
1199,武长赛区,dwtenis,'6.4547,dwtenis;
1200,江山赛区,yigeiwoli_giaogiao,'6.4726,yigeiwoli_giaogiao;
1201,上合赛区,hw50945293,'6.5007,hw50945293;
1202,上合赛区,划水1号,'6.5016,hw54187701;hw00206607;
1203,上合赛区,hw56900781,'6.5186,hw56900781;
1204,成渝赛区,learning_BORA,'6.5273,Saudade_Ga;whoosual;
1205,京津东赛区,迪丽热巴哥,'6.5454,hw72891303;
1206,杭厦赛区,hw24542242,'6.5603,hw24542242;
1207,粤港澳赛区,hw20685628,'6.5905,hw20685628;
1208,粤港澳赛区,hw68670954,'6.5929,hw68670954;
1209,成渝赛区,2020中国加油,'6.5938,hw19324134;hw60908485;hw56609753;
1210,成渝赛区,hw53551693,'6.5944,hw53551693;
1211,海外赛区,树上的鸟儿成双队,'6.6249,yangyou95;hw45133806;jiawei_zhao;
1212,粤港澳赛区,sunxiangjun,'6.6708,sunxiangjun;
1213,西北赛区,小猫咪你为什么总是脱毛,'6.6896,Growing_hw;
1214,京津东赛区,三人行,'6.6973,hw92044045;hw75164499;hw70869960;
1215,上合赛区,华为手机是我们的！吗,'6.7021,hw71496141;
1216,京津东赛区,hw75093277,'6.712,hw75093277;
1217,上合赛区,Nanase_,'6.7393,Nanase_;
1218,江山赛区,One Piece,'6.7601,portgas-d-asce;
1219,京津东赛区,Instant Search,'6.7637,CoolDoWN;hw69439088;hw44629575;
1220,江山赛区,gzy1995,'6.7949,gzy1995;
1221,京津东赛区,blindhakoton,'6.8125,blindhakoton;
1222,上合赛区,hw81481076,'6.8233,hw81481076;
1223,上合赛区,HFZhang,'6.836,HFZhang;
1224,西北赛区,hw17736998,'6.8394,hw17736998;
1225,江山赛区,蜜桃猫,'6.8504,ll445616983;
1226,江山赛区,酱油一波,'6.8819,Master_1114;ljyljyok;LMYWXNY;
1227,江山赛区,hw81711833,'6.8968,hw81711833;
1228,江山赛区,第54个质数,'6.9456,hw36755878;
1229,江山赛区,hw89483362,'6.9458,hw89483362;
1230,西北赛区,Creammmmm,'6.9563,Creammmmm;hw34841889;workccat;
1231,京津东赛区,hw95661442,'6.9566,hw95661442;
1232,武长赛区,天天向上,'6.971,hw06688329;hw05335767;hw02530443;
1233,江山赛区,玄学调优中,'6.9804,sunxiangjun;
1234,成渝赛区,咸鱼队,'7.0033,hw75392925;
1235,成渝赛区,hw13860832,'7.0199,hw13860832;
1236,武长赛区,您吃了吗,'7.0246,Hello___world;
1237,粤港澳赛区,hw02849838,'7.0408,hw02849838;
1238,粤港澳赛区,hw08034176,'7.044,hw08034176;
1239,江山赛区,hw67398159,'7.0463,hw67398159;
1240,上合赛区,小鱼天上飞,'7.0514,yxsun_;
1241,成渝赛区,hw25170450,'7.1,hw25170450;
1242,成渝赛区,hw15378795,'7.1094,hw15378795;
1243,西北赛区,void,'7.1144,hw04591787;
1244,京津东赛区,hw56315619,'7.1228,hw56315619;
1245,京津东赛区,hw61820190,'7.1241,hw61820190;
1246,上合赛区,hw12400457,'7.1606,hw12400457;
1247,西北赛区,hw08034176,'7.1618,hw08034176;
1248,杭厦赛区,hw69129214,'7.174,hw69129214;
1249,上合赛区,zhangfeiyang,'7.1777,zhangfeiyang;
1250,上合赛区,hw16356707,'7.1906,hw16356707;
1251,成渝赛区,hw08034176,'7.1959,hw08034176;
1252,成渝赛区,hw74247577,'7.1973,hw74247577;
1253,成渝赛区,咸鱼池的咸鱼,'7.199,hw34732297;
1254,上合赛区,hw78053806,'7.1992,hw78053806;
1255,杭厦赛区,Cyuanhhhhhh,'7.2234,Cyuanhhhhhh;
1256,西北赛区,伞兵三号已就位,'7.2401,hw62604201;
1257,上合赛区,hw39070211,'7.3171,hw39070211;
1258,京津东赛区,guanph001,'7.3306,guanph001;
1259,江山赛区,john-junjun,'7.334,john-junjun;
1260,武长赛区,怼字念队,'7.3459,run_code_only;hw13614633;hw41623994;
1261,粤港澳赛区,小球球,'7.3559,hw36853657;
1262,上合赛区,裂开225,'7.362,hw98770097;
1263,上合赛区,xzdDong,'7.3743,xzdDong;
1264,江山赛区,LucasHou,'7.382,LucasHou;
1265,江山赛区,狭路相逢勇者胜,'7.4188,wupeng1055408601;
1266,杭厦赛区,YaoYee,'7.4381,YaoYee;
1267,西北赛区,BattleShip,'7.4785,BattleShip;
1268,上合赛区,hw91811502,'7.4828,hw91811502;
1269,成渝赛区,CQUPT_sql,'7.4922,CQUPT_sql;
1270,上合赛区,roeexu,'7.493,roeexu;
1271,西北赛区,ZhiyuanRen,'7.5215,ZhiyuanRen;
1272,杭厦赛区,甄甄,'7.5363,hw23655024;
1273,杭厦赛区,hw53303574,'7.5368,hw53303574;
1274,上合赛区,小朋友你是否有很多问号,'7.5717,ADXiaoL;
1275,成渝赛区,Tymon,'7.5739,Tymon;
1276,武长赛区,疾风剑豪之狂风绝息斩,'7.5822,hw39178711;
1277,上合赛区,hw34935364,'7.6348,hw34935364;
1278,武长赛区,hw46923167,'7.6374,hw46923167;
1279,武长赛区,德玛西亚皇子之巨龙撞击,'7.6384,hw09453562;
1280,西北赛区,mgg644,'7.6779,mgg644;
1281,上合赛区,就看看,'7.6902,name_liuhao;
1282,海外赛区,-1s,'7.7069,hw33251836;
1283,成渝赛区,Kaiju,'7.7247,eomlife;hw65744364;ellezhang;
1284,武长赛区,hw01439312,'7.7593,hw01439312;
1285,江山赛区,hw47779841,'7.7714,hw47779841;
1286,武长赛区,useless,'7.7821,hw15921299;
1287,成渝赛区,hw91503094,'7.8119,hw91503094;
1288,上合赛区,膜法赐我力量,'7.8162,hw85242847;
1289,西北赛区,二营长，把你他娘的意大利泡面拿出来,'7.8497,hw94527000;
1290,京津东赛区,CLANNAD,'7.8525,hw83091555;
1291,京津东赛区,hw88261139,'7.8641,hw88261139;
1292,杭厦赛区,wyh2dxh,'7.8676,wyh2dxh;
1293,上合赛区,hw25303207,'7.9295,hw25303207;
1294,上合赛区,冲,'7.9372,Farmer_fd;
1295,京津东赛区,鱼蛋蛋的喵,'7.9428,hw07374102;
1296,京津东赛区,hw92348605,'7.9705,hw92348605;
1297,江山赛区,fivefiveopen,'8.0461,hw60644055;
1298,江山赛区,xujingle1995,'8.0531,xujingle1995;
1299,京津东赛区,鱼蛋蛋,'8.0549,hw16499678;
1300,粤港澳赛区,菜狗就不配参赛了么,'8.1037,hw54190270;
1301,京津东赛区,wasaiboluoxia,'8.1182,wasaiboluoxia;
1302,杭厦赛区,cypcyp,'8.1374,cypcyp;
1303,成渝赛区,hw28731387,'8.1425,hw28731387;
1304,江山赛区,今世进士尽是近视,'8.1537,qxy4406;hw24862943;fu9102;
1305,西北赛区,zhangzerui,'8.161,zhangzerui;
1306,西北赛区,交大西瓜籽,'8.1613,LiLin0118;
1307,粤港澳赛区,风中孤独的一匹狗,'8.1617,Shacoo;
1308,江山赛区,DSL_NB,'8.1639,qianche_jiban;alvingcs;
1309,成渝赛区,hw04944232,'8.2138,hw04944232;
1310,西北赛区,七层套娃来找环,'8.2257,hw35305675;
1311,西北赛区,always@(posedge hearbeats),'8.2276,Areasbob;hw04124620;
1312,上合赛区,淡黄的长裙,'8.2295,sun_agony710;
1313,京津东赛区,hw52443242,'8.2338,hw52443242;
1314,杭厦赛区,痒痒猫,'8.2452,hw84846608;
1315,西北赛区,1234567,'8.2493,hw09851360;
1316,杭厦赛区,hw65499333,'8.2896,hw65499333;
1317,杭厦赛区,可可爱爱小熊仔,'8.2968,NewBearJun;
1318,京津东赛区,来搞笑的,'8.3143,mengql16;
1319,江山赛区,hw48664467,'8.3384,hw48664467;
1320,杭厦赛区,hw95033386,'8.3395,hw95033386;
1321,成渝赛区,messi-10,'8.3457,hw41027052;
1322,西北赛区,IOTTEST,'8.3539,xujingle1995;
1323,京津东赛区,蓬松的头发,'8.3844,sun_agony710;hw53153660;hw66050191;
1324,成渝赛区,hw53917791,'8.4474,hw53917791;
1325,成渝赛区,01-issem,'8.4564,monster2020;
1326,上合赛区,大佬让让我,'8.4927,laizef;
1327,上合赛区,小狼崽2020发光吧,'8.5186,LFJ1996;
1328,京津东赛区,hw89628076,'8.546,hw89628076;
1329,上合赛区,e-xxkun,'8.569,e-xxkun;
1330,成渝赛区,huashanjk,'8.5876,huashanjk;
1331,江山赛区,爆肝打代码,'8.5889,hw35975331;hw81986263;
1332,江山赛区,hw71783022,'8.5992,hw71783022;
1333,江山赛区,hw43446367,'8.6124,hw43446367;
1334,成渝赛区,404NotFound,'8.6196,hw75450978;hw99239284;hw51681190;
1335,江山赛区,NUAA_B13,'8.6365,hw54026082;hw83718966;busyfish;
1336,西北赛区,hw84551653,'8.6448,hw84551653;
1337,成渝赛区,hw44661176,'8.7194,hw44661176;
1338,成渝赛区,cwq,'8.7284,hw69242089;hw09437353;hw78986215;
1339,京津东赛区,hjkl,'8.7425,hw95662385;
1340,江山赛区,archlinux,'8.7714,dzzxjl;
1341,上合赛区,hw32964728,'8.7849,hw32964728;
1342,杭厦赛区,hw75076535,'8.8118,hw75076535;
1343,西北赛区,hw58790633,'8.8126,hw58790633;
1344,成渝赛区,让我先跑39米,'8.8693,xin_kevin;yl-precious;
1345,西北赛区,hl_gogo,'8.9033,hl_go_go;
1346,粤港澳赛区,hw47779841,'8.9106,hw47779841;
1347,西北赛区,西北史努比,'8.9217,hw60174241;
1348,粤港澳赛区,csqi9601,'8.9268,csqi9601;
1349,粤港澳赛区,菜鸡队,'8.9281,baner04628;hw11892635;hw56511116;
1350,江山赛区,渣渣灰,'8.9714,budongyue;
1351,西北赛区,Stu_Sun,'8.9956,Stu_Sun;
1352,西北赛区,hw68597056,'9.0146,hw68597056;
1353,粤港澳赛区,wenym7,'9.0152,wenym7;
1354,成渝赛区,hw69695587,'9.0369,hw69695587;
1355,成渝赛区,hw46954787,'9.0522,hw46954787;
1356,上合赛区,hw84349918,'9.0556,hw84349918;
1357,西北赛区,仙工大,'9.0597,qq915172915;
1358,上合赛区,hw35453026,'9.063,hw35453026;
1359,粤港澳赛区,hw92664442,'9.0716,hw92664442;
1360,上合赛区,jyhx0903,'9.0868,jyhx0903;
1361,上合赛区,hw89873432,'9.0881,hw89873432;
1362,粤港澳赛区,不知道对不对,'9.0893,hw38459909;hw53122012;
1363,武长赛区,hw34724035,'9.1133,hw34724035;
1364,江山赛区,GroundBySpring,'9.1493,autumnTiger;WinterBear;summerHawk;
1365,上合赛区,hw76446675,'9.1566,hw76446675;
1366,杭厦赛区,jksoap,'9.1569,jksoap;
1367,京津东赛区,敢为人先,'9.1788,hw86039876;hw70018403;hw13214624;
1368,西北赛区,blessdly,'9.1845,hw_cxx;blessings_lin;
1369,西北赛区,yangdengfeng,'9.1911,yangdengfeng;
1370,杭厦赛区,hw88331246,'9.1936,hw88331246;
1371,粤港澳赛区,苏牙踢前锋,'9.1998,Mr_SET;hw95575520;
1372,上合赛区,圣安东尼奥马刺队,'9.2277,carrotcakes;
1373,成渝赛区,其实我在第五层,'9.2432,hw63288133;
1374,成渝赛区,hw06200860,'9.2539,hw06200860;
1375,西北赛区,45度仰望天空~,'9.2616,hw52297186;hw16310054;hw82582581;
1376,成渝赛区,我拿buff，谢谢！,'9.2627,T00007;hw91443037;hw64790157;
1377,西北赛区,hw91239333,'9.2759,hw91239333;
1378,成渝赛区,hw27602532,'9.2971,hw27602532;
1379,杭厦赛区,hw51215035,'9.3095,hw51215035;
1380,京津东赛区,hw58208901,'9.3224,hw58208901;
1381,杭厦赛区,长迁,'9.3291,YoungBay;
1382,粤港澳赛区,GFHW_,'9.3312,timer629;EchoJoe;
1383,京津东赛区,aqwzuishuai,'9.3787,hw33936874;
1384,粤港澳赛区,唱跳rap,'9.4122,williamgrt;Jerrysu001;
1385,成渝赛区,Gnest,'9.4158,hw27630491;
1386,西北赛区,直接给我一个把世界灭掉的高音,'9.4328,hw68159791;
1387,西北赛区,小天后,'9.4407,hw68011421;
1388,上合赛区,蓬松的头发,'9.4409,hw69917130;
1389,京津东赛区,秧歌star,'9.4515,hw16382160;hw07465741;
1390,西北赛区,天天打卡,'9.4644,sunxiangjun;
1391,西北赛区,hopegrace,'9.4726,hopegrace;
1392,西北赛区,糖葫芦,'9.4735,hw19399119;
1393,上合赛区,hw82503089,'9.4747,hw82503089;
1394,武长赛区,zhenxiang,'9.492,hw35161382;
1395,粤港澳赛区,JadynTao,'9.507,JadynTao;
1396,西北赛区,hw51701206,'9.5291,hw51701206;
1397,京津东赛区,超级魔装机神Galen,'9.5434,hugewave2018;
1398,粤港澳赛区,五二四小队,'9.5526,hw25297132;hw14478442;
1399,京津东赛区,NEU_XinYi,'9.5638,Xinyi999;
1400,武长赛区,hw19262386,'9.564,hw19262386;
1401,上合赛区,777,'9.5787,dushenda;
1402,上合赛区,下一秒就是我的,'9.5818,hw81281305;
1403,成渝赛区,黔江鸡杂,'9.5904,hw33635204;hw89941544;hw96561678;
1404,杭厦赛区,hw33458053,'9.5936,hw33458053;
1405,海外赛区,hw68670954,'9.5958,hw68670954;
1406,上合赛区,暴力也是魔法,'9.5969,hw87379034;
1407,京津东赛区,hw32166124,'9.6297,hw32166124;
1408,武长赛区,cabbage,'9.6323,yl_hhh;hw10645992;hw58027983;
1409,杭厦赛区,wealynnode,'9.6501,wealynnode;
1410,江山赛区,就想获个奖,'9.6637,hw61662903;hw78998710;
1411,西北赛区,Funny_mud_pee,'9.6699,Funny_mud_pee;
1412,杭厦赛区,hw10320955,'9.6775,hw10320955;
1413,成渝赛区,hw68670954,'9.6989,hw68670954;
1414,杭厦赛区,IntelliJ,'9.7177,hw61365541;
1415,京津东赛区,tmaxsco,'9.7461,tmaxsco;
1416,京津东赛区,NOBUG,'9.7558,hw40081608;hw04667143;hw66620687;
1417,成渝赛区,Sejuani,'9.7795,hw01121291;
1418,成渝赛区,yseyes,'9.7989,hw14010935;CQU_zhangtao;
1419,西北赛区,蓬松的头发队,'9.8202,TOTxd123;zxx_pr;hw50515297;
1420,西北赛区,背身单打大师,'9.8287,lkdy111;
1421,成渝赛区,这波是肉蛋葱鸡,'9.8441,FunnyBoy86;
1422,西北赛区,hw09208027,'9.8447,hw09208027;
1423,武长赛区,Shenliangshan,'9.8547,Shenliangshan;
1424,杭厦赛区,hw53798710,'9.8558,hw53798710;
1425,武长赛区,啄米plus,'9.8631,hw05215629;
1426,成渝赛区,leo-10,'9.8944,hw30207673;
1427,海外赛区,达拉崩吧斑得贝迪卜多比鲁翁,'9.9618,hw21449951;hw70759827;hw00801683;
1428,京津东赛区,来划水的小白,'10.0064,hw46050164;hw50295731;VisBoyInCorner;
1429,江山赛区,改名字,'10.012,hw31471806;
1430,成渝赛区,小葡萄呀小葡萄,'10.0532,Retina;
1431,京津东赛区,hw46412873,'10.0943,hw46412873;
1432,成渝赛区,aiyishiqu,'10.1392,aiyishiqu;
1433,成渝赛区,hw59461016,'10.1624,hw59461016;
1434,成渝赛区,hw28896443,'10.1758,hw28896443;
1435,西北赛区,hw62752283,'10.2653,hw62752283;
1436,西北赛区,这把宝刀专割柚子厨的,'10.3581,youu06;
1437,江山赛区,wcdh1111,'10.3626,wcdh1111;
1438,杭厦赛区,Polaris_Chen,'10.3682,Polaris_Chen;
1439,成渝赛区,hw86929359,'10.3995,hw86929359;
1440,杭厦赛区,hw38771961,'10.4009,hw38771961;
1441,粤港澳赛区,hw88811113,'10.4424,hw88811113;
1442,成渝赛区,RUSH_200K,'10.5029,hw88447202;WANG_H_;hw47701492;
1443,西北赛区,sssssssssss,'10.5093,flyingpants;
1444,武长赛区,hw89340202,'10.5114,hw89340202;
1445,上合赛区,hw92854224,'10.517,hw92854224;
1446,成渝赛区,爱华,'10.5192,hw31094045;
1447,武长赛区,ac,'10.5332,hw96234002;
1448,粤港澳赛区,Error99,'10.5339,huanglei3416;
1449,武长赛区,hw54922265,'10.5829,hw54922265;
1450,成渝赛区,hw18383371,'10.6089,hw18383371;
1451,西北赛区,hw37724406,'10.6313,hw37724406;
1452,杭厦赛区,dalaodaidaiwo_,'10.6783,dalaodaidaiwo_;
1453,粤港澳赛区,胡萝卜保护协会荣誉会员,'10.7182,tyx123456789;
1454,成渝赛区,CQUPT_CAI,'10.7607,lyk9903;Alpacadh;hw53887238;
1455,杭厦赛区,我爱这个,'10.7625,syjsyj123;
1456,成渝赛区,hw26922083,'10.7925,hw26922083;
1457,西北赛区,hw26922083,'10.7933,hw26922083;
1458,粤港澳赛区,TimeError,'10.7955,TimeError;
1459,武长赛区,Sudazzle,'10.798,Sudazzle;
1460,杭厦赛区,hw26922083,'10.8039,hw26922083;
1461,西北赛区,hw11105662,'10.8371,hw11105662;
1462,西北赛区,TimeError,'10.952,TimeError;
1463,武长赛区,TimeError,'10.9796,TimeError;
1464,上合赛区,hw62116846,'10.9906,hw62116846;
1465,上合赛区,hw38874253,'11.0683,hw38874253;
1466,上合赛区,yl2222,'11.0755,yl2222;
1467,西北赛区,hw00821684,'11.0789,hw00821684;
1468,上合赛区,ustc225-1,'11.1379,hw27362814;
1469,武长赛区,xiao-ge_,'11.1681,xiao-ge_;
1470,江山赛区,好黑啊,'11.1808,TimeError;
1471,成渝赛区,行行行,'11.1809,xingxingxin;
1472,杭厦赛区,TimeError,'11.2654,TimeError;
1473,成渝赛区,hw20835907,'11.544,hw20835907;
1474,西北赛区,hw48901084,'11.617,hw48901084;
1475,杭厦赛区,hw39830293,'11.6264,hw39830293;
1476,杭厦赛区,12333,'11.6933,hw82235359;hw85940823;hw54591371;
1477,杭厦赛区,古道西风瘦马,'11.7723,gjy135136;
1478,成渝赛区,TimeError,'11.8102,TimeError;
1479,上合赛区,no bug,no error,'11.841,sunxiangjun;
1480,杭厦赛区,元宝暴暴,'11.9566,Yin_Cofer;workSpacePlus;kaysen_;
1481,武长赛区,hw00910185,'12.0081,hw00910185;
1482,上合赛区,workSpacePlus,'12.0635,workSpacePlus;
1483,粤港澳赛区,strawsuper,'12.092,strawsuper;
1484,西北赛区,伞兵二号已就位,'12.1599,hw93553674;
1485,京津东赛区,别浪,'12.244,No_bug-_-;jiangjixixi;hw54338160;
1486,成渝赛区,Mars_Li,'12.2901,Mars_Li;
1487,成渝赛区,Ruabick,'12.3453,Ruabick;
1488,京津东赛区,hope_pass,'12.3551,yang_xl17;
1489,西北赛区,hw91983105,'12.3951,hw91983105;
1490,杭厦赛区,hw05094449,'12.4264,hw05094449;
1491,杭厦赛区,tql,'12.4717,codgician;hw22077183;whdsunny;
1492,粤港澳赛区,faker_,'12.5514,faker_;
1493,粤港澳赛区,小谷围一姐,'12.6641,Believe33;cosimo6359;
1494,成渝赛区,hw02849838,'12.7187,hw02849838;
1495,西北赛区,hxhxhxhxhxhxhxh,'12.7373,hxhxhxhxhxhxhxh;
1496,粤港澳赛区,leozhibin,'12.7616,leozhibin;
1497,京津东赛区,hw73360980,'12.7859,hw73360980;
1498,西北赛区,chu8865,'12.7986,chu8865;
1499,成渝赛区,比利&&奥利(随时退赛小队),'13.075,G_Horse;hw83171079;
1500,京津东赛区,Sukri,'13.1635,KRSTIN_L;
1501,上合赛区,hw55538598,'13.2171,hw55538598;
1502,武长赛区,超人小分队,'13.2198,hechao66;hw68500524;hw58922622;
1503,成渝赛区,球球给我个SSSSP吧,'13.2712,legolas_lee;kkkklu;hw46533511;
1504,西北赛区,Zhiyuan_Ren,'13.3197,Zhiyuan_Ren;
1505,粤港澳赛区,新的风暴已经出现,'13.341,hw45352113;
1506,杭厦赛区,小菜鸡,'13.3818,Xxxxxxxxx___;
1507,杭厦赛区,hw68751712,'13.4623,hw68751712;
1508,成渝赛区,hw66253132,'13.5164,hw66253132;
1509,武长赛区,py没活路,'13.6349,jqsElvin;
1510,成渝赛区,剪刀刺客,'13.6642,GWH13618229464;
1511,上合赛区,改名要快,'13.6651,hw16218189;
1512,杭厦赛区,黄饭盆儿,'13.7693,hw64635566;qingqingqing;hw36580629;
1513,成渝赛区,yling,'13.7742,yling;
1514,武长赛区,精神小伙,'13.9482,whu_pzx;
1515,上合赛区,hw43586472,'14.0841,hw43586472;
1516,成渝赛区,xing xing xing3,'14.1334,hw24529077;
1517,武长赛区,打酱油,'14.155,hw76252019;hw09419575;
1518,杭厦赛区,Shaking,'14.2403,Shaking;
1519,成渝赛区,hw77194857,'14.2915,hw77194857;
1520,武长赛区,春田花花幼稚园,'14.3788,KristinAlter;LighTcml;
1521,杭厦赛区,LISICHENGMR,'14.4523,LISICHENGMR;
1522,杭厦赛区,hw35680922,'14.4989,hw35680922;
1523,京津东赛区,大赛截止时间,'14.5677,Rainboat;dwyzzy;
1524,成渝赛区,hw65146408,'14.5677,hw65146408;
1525,成渝赛区,freyaa,'14.6135,hw43919711;
1526,武长赛区,很牛逼我这个牌,'14.7804,hw79956732;yx13765414;hw50174232;
1527,西北赛区,hw64448957,'14.9501,hw64448957;
1528,粤港澳赛区,EAGHINee,'14.9507,EAGHINee;
1529,江山赛区,hw82820570,'14.9565,hw82820570;
1530,成渝赛区,就上一次,'14.9571,hw39216203;
1531,江山赛区,hw16212834,'14.9884,hw16212834;
1532,粤港澳赛区,canranboy,'15.0463,canranboy;
1533,西北赛区,xd127,'15.1865,see-you-later;
1534,西北赛区,支棱,'15.2303,hw88137523;
1535,成渝赛区,lxf1236,'15.381,lxf1236;
1536,成渝赛区,有梦想就有希望,'15.5056,SMALL_LEFT;
1537,成渝赛区,HFL123,'15.5134,HFL123;
1538,成渝赛区,成电少帮主,'15.8687,hw90725680;dnnn96;
1539,杭厦赛区,LISICHENG_MS,'15.9308,LISICHENG_MS;
1540,西北赛区,xjtu_No.1,'16.0106,a1213278475;hw04041561;
1541,京津东赛区,hw22771598,'16.1549,hw22771598;
1542,海外赛区,hw14726154,'16.1842,hw14726154;
1543,京津东赛区,花样划水,'16.3161,Zino-_-b;
1544,杭厦赛区,手里的java不香了,'16.443,Willi42;
1545,成渝赛区,hw57490158,'16.4762,hw57490158;
1546,西北赛区,wzy9656,'16.5382,wzy9656;
1547,西北赛区,hw51349677,'16.5428,hw51349677;
1548,西北赛区,hw21852302,'16.6168,hw21852302;
1549,武长赛区,运气比较好,'16.6278,hw75861554;hw47669114;hw88837750;
1550,成渝赛区,搬砖小队,'16.8853,hw32218248;hw79239174;hw56431441;
1551,杭厦赛区,hw84417100,'16.954,hw84417100;
1552,上合赛区,强哥郭老np,'17.5881,hw42648148;
1553,杭厦赛区,Hm ,'17.8547,hw20186752;
1554,西北赛区,hold on,'17.9412,hw56254426;
1555,上合赛区,冲起来,'18.2415,hw35085674;hw82289659;
1556,成渝赛区,我的名字,'18.4594,hw36486953;
1557,江山赛区,hw40507411,'18.6108,hw40507411;
1558,武长赛区,hw01789008,'19.1259,hw01789008;
1559,西北赛区,春天花花幼儿园,'19.2511,hw75620256;
1560,成渝赛区,nobody,'19.289,hw58193643;
1561,西北赛区,hw01504280,'19.3373,hw01504280;
1562,上合赛区,摸鱼吧！,'19.4758,hw16668351;
1563,武长赛区,hw57664784,'19.5042,hw57664784;
1564,杭厦赛区,元宝妈妈,'19.5174,hw68132792;
1565,杭厦赛区,P40,'19.5701,hw85700360;
1566,成渝赛区,dfs,'19.7095,hw11706946;
1567,西北赛区,hw_qiang,'19.7498,hw_qiang;
1568,粤港澳赛区,hw65118535,'19.9147,hw65118535;
1569,上合赛区,daniel1210,'20.3501,daniel1210;
1570,武长赛区,西瓜,'20.6795,hw62775396;
1571,京津东赛区,阿木木zzz,'20.7558,hw40564214;
1572,京津东赛区,hw94871809,'20.7972,hw94871809;
1573,京津东赛区,TimeError,'20.8247,TimeError;
1574,京津东赛区,hw26922083,'20.9779,hw26922083;
1575,西北赛区,hw84049800,'20.9961,hw84049800;
1576,粤港澳赛区,Bidolphin,'21.0701,Bidolphin;
1577,西北赛区,西大楼水军,'21.1682,hw15304432;hw71851487;hw94332634;
1578,武长赛区,cuber,'21.1984,hw50993847;
1579,杭厦赛区,statham,'21.2312,statham;
1580,京津东赛区,Jiiang_Xin,'21.2589,Jiiang_Xin;
1581,成渝赛区,litlettleTime,'21.4814,hw19585034;
1582,西北赛区,CallmeMrgao,'21.5922,CallmeMrgao;
1583,武长赛区,hw12676125,'21.607,hw12676125;
1584,武长赛区,yyw的粉丝们,'21.7207,ERROR---try---hard;hw41014190;hw51632442;
1585,京津东赛区,爱举重的山羊,'21.8413,ASDFGHJKLQWERTYY;hw04365890;
1586,粤港澳赛区,khun_gs,'21.9453,khun_gs;
1587,粤港澳赛区,hw23542402,'22.596,hw23542402;
1588,成渝赛区,hw69315740,'22.7221,hw69315740;
1589,成渝赛区,hw76584796,'22.7358,hw76584796;
1590,成渝赛区,给大佬递Java,'22.7391,Jcduhdt;hw33447172;hw01864371;
1591,成渝赛区,hw19942362,'22.7476,hw19942362;
1592,京津东赛区,hw44800925,'22.7515,hw44800925;
1593,成渝赛区,hw59051827,'22.7515,hw59051827;
1594,成渝赛区,hw14008378,'22.754,hw14008378;
1595,西北赛区,乘风破浪,'22.8216,iampanghui;
1596,成渝赛区,hw86628830,'22.8842,hw86628830;
1597,上合赛区,hw38508198,'22.93,hw38508198;
1598,上合赛区,wjd1015,'23.1044,wjd1015;
1599,京津东赛区,蛋黄长裙,'23.4917,hw74812029;
1600,京津东赛区,hw30398852,'23.8998,hw30398852;
1601,上合赛区,hw76600538,'24.1495,hw76600538;
1602,粤港澳赛区,咕噜咕噜茄,'24.2699,Roykin;
1603,杭厦赛区,喵哇种子,'25.093,HDU_FrogGYLH;HDU_V1n;
1604,江山赛区,hw54830062,'25.1199,hw54830062;
1605,上合赛区,hw07187489,'25.2078,hw07187489;
1606,江山赛区,hw89346151,'25.276,hw89346151;
1607,杭厦赛区,akina97,'25.3109,akina97;
1608,西北赛区,hw62790379,'25.3236,hw62790379;
1609,成渝赛区, hw32334624,'25.6572,hw32334624;
1610,武长赛区,专业摸鱼,'25.8242,hw83811420;luckymice;Jarvan3zZ;
1611,粤港澳赛区,asda,'25.8878,hw79954575;
1612,西北赛区,hw13922377,'25.922,hw13922377;
1613,粤港澳赛区,aaa,'26.0716,hw61384662;
1614,上合赛区,hw52876030,'26.1273,hw52876030;
1615,杭厦赛区,杭厦酸菜鱼,'26.6875,Suxve;
1616,江山赛区,AKOgogogo,'27.0452,AKOgogogo;
1617,江山赛区,857857857,'27.0561,The_Undertaker;
1618,上合赛区,叫什么都一样,'27.1174,winkkkk;
1619,西北赛区,tc2020,'27.249,ijkm1234;
1620,西北赛区,jolinchen,'27.2973,jolinchen;
1621,上合赛区,?循环转账让钱增多！,'27.5168,hw53527958;
1622,成渝赛区,KEvinello,'28.7241,Kevinello;
1623,江山赛区,hw26922083,'28.7949,hw26922083;
1624,上合赛区,learner_huawei,'28.9896,learner_huawei;
1625,上合赛区,法术暴击+999,'29.0308,hw84673352;
1626,上合赛区,Hello World,'29.0779,hw02870004;USTC-Jerry;
1627,杭厦赛区,Headbro,'29.2402,Headbro;
1628,杭厦赛区,otto,'29.2681,hw54956782;
1629,西北赛区,西大楼小队,'29.4324,oneseven;
1630,杭厦赛区,XYuuuu,'29.5156,XYuuuu;
1631,西北赛区,hw97224406,'30.0173,hw97224406;
1632,上合赛区,hw26446003,'30.1314,hw26446003;
1633,上合赛区,yimuyang,'30.2008,yimuyang;
1634,杭厦赛区,hw48743653,'30.5509,hw48743653;
1635,上合赛区,GGBond,'30.7578,gdw439;
1636,上合赛区,hw20651501,'30.7835,hw20651501;
1637,上合赛区,lxhana,'30.8883,lxhana;
1638,武长赛区,三个臭皮匠,'30.9121,nshxihacw;xiongfeng666;hw52387783;
1639,西北赛区,hw810905,'31.1102,hw81090509;
1640,西北赛区,DJW,'32.3489,hw10924411;ltw123;hw26418552;
1641,江山赛区,0Error0Warning,'32.8091,hw89155234;hw19908759;VivaLavida_fv;
1642,成渝赛区,神技大学法海,'33.0913,hw66874075;
1643,京津东赛区,hw28749316,'33.1068,hw28749316;
1644,西北赛区,hw17499964,'33.5159,hw17499964;
1645,上合赛区,hw37507844,'34.0149,hw37507844;
1646,成渝赛区,hw22642051,'34.0849,hw22642051;
1647,西北赛区,hw77772903,'34.8619,hw77772903;
1648,江山赛区,不知道叫什么队,'35.3213,charon0808;
1649,上合赛区,窃格瓦拉归来,'35.4839,Ghoul_kin;
1650,上合赛区,青春有我,'36.2055,Curry_for_3;zhichang_lin;
1651,成渝赛区,hw19556655,'36.2776,hw19556655;
1652,杭厦赛区,Goto,'36.35,hwcode;z546905043;
1653,武长赛区,LI,'36.3529,lionelkx;
1654,武长赛区,hw67740744,'36.79,hw67740744;
1655,京津东赛区,AWSL,'36.8478,smyyan;
1656,武长赛区,TeemoGan,'37.1571,TeemoGan;
1657,西北赛区,hw21499804,'37.7306,hw21499804;
1658,西北赛区,hw89686133,'38.1065,hw89686133;
1659,粤港澳赛区,快乐划水队,'38.7412,ZXHAXM;hw39352860;
1660,西北赛区,wenkei,'38.8795,wenkei;
1661,成渝赛区,一般通过，混个脸熟,'39.0429,seewpx;
1662,成渝赛区,Flaming,'39.1077,JasonLikeNuts;
1663,上合赛区,tkl0314,'39.5147,tkl0314;
1664,江山赛区,三相神,'39.8572,hxer7963;hw08688056;hw37364628;
1665,杭厦赛区,hw93129234,'40.3079,hw93129234;
1666,西北赛区,塞班,'40.4516,hw87092839;
1667,上合赛区,hw41203133,'40.836,hw41203133;
1668,杭厦赛区,hw34499281,'41.0229,hw34499281;
1669,西北赛区,一个臭皮匠咋顶诸葛亮,'42.7877,hw80909026;
1670,上合赛区,校霸,'42.9454,currenwong;
1671,京津东赛区,Yin_Cofer,'44.1345,Yin_Cofer;
1672,成渝赛区,COVET,'44.7011,junpyu;jihengabc;hw77519521;
1673,上合赛区,dragonx,'45.022,dragonx;
1674,江山赛区,Yin_Cofer,'45.5255,Yin_Cofer;
1675,上合赛区,hw94741046,'46.4631,hw94741046;
1676,西北赛区,wzpcc,'46.6827,wzpcc;
1677,京津东赛区,zksar1990,'47.8018,zksar1990;
1678,武长赛区,运筹优化小队,'47.9785,hw25499073;hw24405675;
1679,成渝赛区,uestc_allen,'48.1719,uestc_allen;
1680,武长赛区,LINRUIHANG,'48.443,LINRUIHANG;
1681,成渝赛区,hw95451504,'48.4923,hw95451504;
1682,上合赛区,hw06725283,'48.5517,hw06725283;
1683,成渝赛区,就当是个队名,'48.5643,hw47335526;tuc0809;
1684,上合赛区,摸鱼我最强,'48.7816,sephiroth_w;
1685,杭厦赛区,hdjsjysx,'49.0406,hdjsjysx;
1686,武长赛区,海底捞,'49.2505,biometrics;IzumiHikari;hw08362189;
1687,京津东赛区,hw06725283,'49.3819,hw06725283;
1688,上合赛区,hw94891551,'50.3885,hw94891551;
1689,西北赛区,阿破克列,'51.647,hyq12580;hw08105102;hw29234357;
1690,杭厦赛区,hw73509740,'52.6668,hw73509740;
1691,上合赛区,hw86564899,'52.969,hw86564899;
1692,杭厦赛区,hw21094819,'54.2369,hw21094819;
1693,杭厦赛区,hw46787351,'54.975,hw46787351;
1694,成渝赛区,渴望进华为,'54.9785,DENGQING-;hw_dzc;hw34457900;
1695,江山赛区,许你一片星河,'56.5974,yuan01;
1696,西北赛区,aware,'57.6816,hw38543535;
1697,杭厦赛区,jiang_yue_ye,'58.4195,hw63667500;
1698,京津东赛区,大神我只扶姚顺雨,'58.6639,lusongno1;
1699,西北赛区,hw15477201,'59.2641,hw15477201;
1700,杭厦赛区,hw15480983,'59.3279,hw15480983;
1701,江山赛区,hw28401209,'61.7516,hw28401209;
1702,武长赛区,hw13935125,'62.3785,hw13935125;
1703,西北赛区,hw50570008,'62.3958,hw50570008;
1704,武长赛区,WHUT_三个Rapper在线念稿,'63.3235,WHUT_Felix;hw98385371;hw88194420;
1705,上合赛区,hw47779841,'63.4307,hw47779841;
1706,杭厦赛区,三个男人,'63.6431,zjw11525;
1707,京津东赛区,test,'63.912,hw63850534;
1708,京津东赛区,hw39601904,'64.0111,hw39601904;
1709,上合赛区,加香菜不要洋葱,'64.2696,hw39447946;wulc1994;hw69682740;
1710,成渝赛区,hw32573765,'64.2799,hw32573765;
1711,京津东赛区,bbp123,'64.5546,bbp123;
1712,上合赛区,咸鱼突刺,'65.3439,hw30848605;
1713,西北赛区,hw11168891,'65.6097,hw11168891;
1714,江山赛区,Coding,'65.8047,hw60120505;hw39814781;
1715,粤港澳赛区,hw37590416,'66.5604,hw37590416;
1716,江山赛区,zheyday,'66.6735,zheyday;
1717,西北赛区,xdai125,'66.7635,qmhnxl;hw48220760;
1718,江山赛区,楼上莫赶楼下莫追,'66.855,LordRiven;
1719,西北赛区,caoyue1995,'67.1995,caoyue1995;
1720,西北赛区,烧仙草,'67.2069,hw80713988;hw72363750;hw20830259;
1721,上合赛区,lnstrument,'67.2562,lnstrument;
1722,江山赛区,000,'67.3161,liumin_1;
1723,西北赛区,flyhema,'67.3649,flyhema;
1724,杭厦赛区,濮竹01,'67.5085,kangyanyan;
1725,西北赛区,hw16282285,'67.5143,hw16282285;
1726,江山赛区,姐妹！,'67.5653,xueli_lxl;
1727,京津东赛区,人机交互？？,'67.7391,hw18748582;hw93945092;hw36573152;
1728,上合赛区,hw59297799,'68.264,hw59297799;
1729,杭厦赛区,HXY,'68.88,YZGGGA;
1730,京津东赛区,BUPT_CODERS,'69.0106,LincolnDai;
1731,武长赛区,hw24467887,'71.1079,hw24467887;
1732,成渝赛区,hw94105119,'72.1096,hw94105119;
1733,上合赛区,Yin_Cofer,'72.9041,Yin_Cofer;
1734,西北赛区,hw83479962,'75.551,hw83479962;
1735,成渝赛区,thth,'75.7587,hw68757076;
1736,粤港澳赛区,xmc1314,'76.3121,xmc1314;
1737,京津东赛区,CAU-fighter,'78.0013,DawnMagnet;hw20375522;
1738,成渝赛区,siyecaoK1,'78.2232,siyecaoK1;
1739,上合赛区,煲二蒸一,'81.0626,ZHM19_95;GrootZhu;hw91495701;
1740,成渝赛区,sunxiangjun,'81.1384,sunxiangjun;
1741,京津东赛区,hw17257923,'81.455,hw17257923;
1742,京津东赛区,一只小弱鸡,'81.626,liujiang_;
1743,成渝赛区,MMMtaun,'81.8157,MMMtaun;
1744,上合赛区,我们是锵锵锵锵锵锵锵,'81.8632,rookie_sjtu;Nemo_sjtu;hw13978421;
1745,杭厦赛区,杭电戏组,'82.1397,hw74093386;hw52583333;daxiangbeien;
1746,江山赛区,xiaoxiaochengji,'82.3531,xiaoxiaochengji;
1747,江山赛区,202004,'82.3722,hw40115156;
1748,京津东赛区,帆帆,'84.4492,FanfanLiu;
1749,西北赛区,zk2020,'85.4411,zk2020;
1750,成渝赛区,hw42134451,'86.5058,hw42134451;
1751,上合赛区,hw44130554,'86.5903,hw44130554;
1752,京津东赛区,hw40813450,'86.7589,hw40813450;
1753,上合赛区,hw30869789,'87.0942,hw30869789;
1754,武长赛区,andy,'87.4083,Anding;
1755,上合赛区,PCA-USTC,'88.9503,jjq0819;
1756,江山赛区,hw24946673,'89.6042,hw24946673;
1757,粤港澳赛区,hw35184732,'90.7484,hw35184732;
1758,上合赛区,独墅湖赛艇,'90.8206,ZhangJiekai;hw54149779;
1759,江山赛区,123,'93.3814,S1mple20;
1760,西北赛区,枣子姐永远滴神,'93.7199,hw68717197;
1761,武长赛区,HannahJudy,'94.3605,hanzuliangzhongyan;
1762,上合赛区,codeZH,'97.7582,codeZH;
1763,京津东赛区,您还未组建团队,'97.9333,ccfarm;
1764,杭厦赛区,hw76963048,'97.9473,hw76963048;
1765,京津东赛区,sunxiangjun,'101.2813,sunxiangjun;
1766,西北赛区,hw70650412,'102.8109,hw70650412;
1767,武长赛区,hw76471907,'105.4152,hw76471907;
1768,成渝赛区,hw30040117,'108.5145,hw30040117;
1769,杭厦赛区,STEA TEAM,'109.4448,STEA_YY;CafuuChino;Particle_G;
1770,上合赛区,woshixuanzi,'116.6509,woshixuanzi;
1771,上合赛区,hfut_wtf,'116.7009,hfut_ystlove;pjx11111;
1772,江山赛区,forzore,'128.253,forzore;
1773,成渝赛区,假装123,'128.5916,LiuChengpeng;Sponge2020;hw44526911;
1774,成渝赛区,hw34065548,'141.8849,hw34065548;
1775,粤港澳赛区,Recorder1994,'142.7623,Recorder1994;
1776,成渝赛区,一条大鱼,'149.028,hw19318566;helloWworld;
1777,京津东赛区,hw19702906,'166.5505,hw19702906;
1778,杭厦赛区,sunxiangjun,'167.6327,sunxiangjun;
1779,西北赛区,双叶天下第一,'176.3797,lenmain;Yishi_Yu;hw06990543;
1780,成渝赛区,爱玩矢量,'177.4127,hw84910810;
1781,成渝赛区,Saturday,'179.9869,Tsingxin;kunxinli;ZhangPHEngr;
1782,西北赛区,hw30186372,'188.5732,hw30186372;
1783,上合赛区,hw34253202,'191.5401,hw34253202;
1784,杭厦赛区,濮竹,'197.8307,muxingda;
1785,西北赛区,卡提诺,'199.8272,hw49988529;hw42259116;
1786,江山赛区,bb,'203.9135,hw76341879;
1787,武长赛区,柠可有你,'219.3642,hw11979663;
1788,杭厦赛区,三个酱油瓶,'220.9808,wakawakawa;hz_pengyuyan;zjucstxyy;
1789,上合赛区,盛老师很牛,'227.6729,pansiyuan;hw74165419;little-berry;
1790,西北赛区,hw44478371,'228.385,hw44478371;
1791,西北赛区,打酱油的,'236.3974,npucfy;
1792,京津东赛区,头柱·炭治郎,'239.4557,HuaShui;
1793,杭厦赛区,淡黄的长裙蓬松的头发,'254.9071,hw12386267;hw36627366;hw45101907;
1794,京津东赛区,候队加油,'257.3089,qssxbhxy;caculas22;
1795,西北赛区,python真难,'257.4589,gao2017;
1796,上合赛区,ARDAER,'261.2922,ardaersasskia;
1797,西北赛区,橙子不怕天虎队,'282.8557,hw88805557;
1798,杭厦赛区,bugmakerrr,'283.5807,bugmakerrr;
1799,海外赛区,hw02849838,'291.6643,hw02849838;
1800,粤港澳赛区,小黄鸭，划水呀,'296.509,Yuzu_sofa;hw34101030;hw12613042;
1801,武长赛区,hw41963456,'310.2835,hw41963456;
1802,成渝赛区,thomasjin,'316.2306,thomasjin;
1803,上合赛区,HumPeriod,'317.909,DuDuPang;TuTuPang;
1804,武长赛区,hw19016743,'318.8836,hw19016743;
1805,西北赛区,htyhhh,'330.5728,htyhhh;
1806,武长赛区,115,'352.1661,elevenstar;gaosiyuan;dodotwhalefall;
1807,上合赛区,knockknock,'392.1737,hw38750255;
1808,西北赛区,625A,'411.1497,xunyuxing;hw13452338;hw48449957;
1809,粤港澳赛区,lidawen,'546.601,lidawen;
1810,杭厦赛区,hw34514705,'548.9209,hw34514705;
1811,粤港澳赛区,hw86508928,'667.6125,hw86508928;
1812,西北赛区,Jeason666,'686.1679,Jeason666;
1813,西北赛区,carelmo,'688.1418,shangshanzixu;Jimbo0714;
1814,西北赛区,hw31609485,'688.9979,hw31609485;
1815,西北赛区,hw92635520,'698.7208,hw92635520;
1816,上合赛区,hw84674707,'855.161,hw84674707;
1817,西北赛区,没有人关心阿宅心里想什么,'968.4019,hw74865606;
1818,成渝赛区,无限,'980.1345,liukxz;
1819,成渝赛区,hw17885387,'1048.0831,hw17885387;
1820,西北赛区,woshimijue,'1144.0891,woshimijue;
